id,user_id,location_name,latitude,longitude,location_description,created_at,updated_at,approved
3003,21,"10 km south to Aqaba, Nature Reserve, Gulf of Aqaba, Red Sea",29.4414,34.96681,,,,true
3192,21,"1.1 km off Stromboli village, Aeolian Islands, Italy, southern Tyrrhenian
 Sea",38.806328,15.255427,,,,true
2950,21,"250 km west of Clearwater, Florida, USA",27.7523,-85.3262,,,,true
2777,21,"25 km NW of Bermuda, Caribbean Sea",32.58333,-64.91667,,,,true
3189,21,"32 km off Chañaral, Patagonia, Chile",-27.022222,-70.806667,,,,true
467,1,"3-Hill Shoals, Bermuda Island",32.4083,-64.786,"",2015-08-03 05:28:33 UTC,2015-08-03 05:28:33 UTC,true
3068,21,"4 Frére, Madagascar",-12.99425,48.487467,,,,true
132,1,"Abrolhos, Australia",-28.695921,113.647341,"min_depth=0, max_depth=7, start_year=2005, end_year=2005, methodology=DGGE",2014-12-04 23:29:59 UTC,2014-12-04 23:29:59 UTC,true
2809,21,"Abrolhos reef, Brazil",-17.9691745,-38.70172229,,,,true
517,1,"Abrolhos Reef Complex, Brazil",-17.968303,-38.700152,"",2015-11-03 08:00:21 UTC,2015-11-03 08:00:21 UTC,true
426,1,Abu Qalawa,27.2444778,33.7930128,"Red Sea, close to Berenice",2015-06-25 05:16:34 UTC,2015-06-25 05:25:25 UTC,true
3107,21,"Abu Zanima, Gulf of Suez",29.04673,33.091599,,,,true
2816,21,"Acajutla, El Salvador",13.57409349,-89.84191314,,,,true
2272,21,"Acapulco, Mexico",16.7891,-99.8363,,,,true
2288,21,"Adak island, Alaska",51.7542,-176.6787,,,,true
2504,21,"Addu atoll, Maldives, Indian Ocean",-0.631273343,73.16735157,,,,true
63,1,"Admiral Patch Reef, Florida Keys",25.0446,-80.3945,"min_depth=1, max_depth=2, start_year=2003, end_year=2005, methodology=DGGE",2014-12-04 23:29:59 UTC,2014-12-04 23:29:59 UTC,true
2747,21,"Admiralty Gulf, Cape Voltaire, Kimberley, Western Australia",-14.26194,125.57389,,,,true
2484,21,"Agatti island, Laccadives",10.85885,72.195004,,,,true
3006,21,"Agattu, Aleutian islands",52.24167,174.225,,,,true
2654,21,"Agattu Island, Aleutian Islands, East Bering Sea",52.01667,174.65,,,,true
2078,21,"Ag. Vasso, Pelio, Greece",39.0847,23.1247,,,,true
602,1,"Aka_Island_1, Japan",26.198889,127.280556,"",2017-07-23 11:22:01 UTC,2017-07-23 11:22:01 UTC,true
2516,21,"Akajima Island, Okinawa, Japan",26.1707,127.2305,,,,true
427,1,Al-Ahyaa,27.2444778,33.7930128,"",2015-06-25 05:23:49 UTC,2015-06-25 05:23:49 UTC,true
569,1,Al Aqah,25.4929462,56.36352265,"Reef fringing Al Aqah (Snoopy Island), Fujairah, UAE
",2017-03-06 08:56:13 UTC,2017-03-06 08:56:13 UTC,true
3010,21,"Albatross Expedition, stn Alb-3399, west coast of Central America",1.116667,-81.06667,,,,true
3296,21,"Albatross sta. 2668, off Fernandina",30.966667,-80.066667,,,,true
2292,21,"Aleutian Islands, Alaska",54.4275,-164.6557,,,,true
2648,21,"Algoa Bay, Ry Banks, Eastern Cape, South Africa",-33.98495,25.8629,,,,true
2645,21,"Algoa Bay, White Sands, Eastern Cape, South Africa",-33.99833,25.7087,,,,true
3168,21,"Al Idrisi, Marrocco",35.2375,-6.612,,,,true
161,1,"Aliwal Shoal, South Africa",-30.2582,30.82801667,"min_depth=18, max_depth=18, start_year=0, end_year=0, methodology=DGGE",2014-12-04 23:29:59 UTC,2014-12-04 23:29:59 UTC,true
2502,21,"Aliwal Shoal, South-Africa ",-30.26,30.82667,,,,true
2213,21,"Alki South, Washington",47.5694,-122.4197,,,,true
67,1,"Alligator Reef, Florida Keys",24.8424,-80.6244,"min_depth=12, max_depth=12, start_year=2003, end_year=2005, methodology=DGGE",2014-12-04 23:29:59 UTC,2014-12-04 23:29:59 UTC,true
2517,21,"Alotau, Milne Bay, Papua New Guinea",-10.319204,150.456905,,,,true
2255,21,"Altare, Portofino, Italy",44.3917,9.4067,,,,true
2389,21,"Ama Beach, Zamami Island, Okinawa, Japan",26.2261,127.2925,,,,true
599,1,"Amakusa_2, Amakusa",32.166667,130.033333,"",2017-07-23 11:05:13 UTC,2017-07-23 11:05:13 UTC,true
116,1,"Amakusa, Japan",31.726034,129.895052,"min_depth=4, max_depth=6, start_year=0, end_year=0, methodology=Cloning",2014-12-04 23:29:59 UTC,2014-12-04 23:29:59 UTC,true
115,1,"Amami, Japan",28.234855,129.53667,"min_depth=1, max_depth=5, start_year=0, end_year=0, methodology=Cloning",2014-12-04 23:29:59 UTC,2014-12-04 23:29:59 UTC,true
3158,21,"Amargal, Colombian Pacific",5.57982,-77.5141,,,,true
2079,21,"Ambelos, Chalkidiki, Greece",39.9555,23.9882,,,,true
2496,21,"Ambon Bay, Banda Sea, Indonesia",-3.638077,128.232332,,,,true
200,1,American Samoa,-14.269344,-170.698947,"",2014-12-04 23:29:59 UTC,2014-12-04 23:29:59 UTC,true
2978,21,"Amlia Island, Andreanof Islands, Aleutians ",52.51583,-173.4931,,,,true
2753,21,Anacapa Island,34.01667,-119.3619,,,,true
2631,21,"Andaman islands, Indian Ocean",12.440298,92.83066,,,,true
103,1,Andaman Sea,7.43241601,98.46419501,"min_depth=2, max_depth=6, start_year=2007, end_year=2007, methodology=DGGE",2014-12-04 23:29:59 UTC,2014-12-04 23:29:59 UTC,true
2618,21,"Anejima island, Ogasawara, Bonin Islands, Japan",26.555422,142.155713,,,,true
2695,21,"Anguilla, Caribbean Sea",18.21965112,-63.04567155,,,,true
3008,21,Antarctica,-69.589331,51.91946,,,,true
2981,21,"Antarctica, Eastern Weddell Sea (Polarstern cruise ANT XVII/3, stn. 085-1)",-71.18833,-12.25667,,,,true
2982,21,"Antarctica, Eastern Weddell Sea (Polarstern cruise
ANT-XXIX/9 (PS82), stn. 349-1)",-70.92617,-10.47033,,,,true
2980,21,"Antarctica, Eastern Weddell Sea (Polarstern cruise ANT
XXIX/9, stn)",-76.32217,-29.14067,,,,true
3083,21,"Antarktis XIX/5, R/V Polarstern, sta. PS61/167–01, west of South Georgia Island, sub-Antarctic ",-53.39467,-42.70383,,,,true
2959,21,"Antigonia seamount, Norfolk Ridge, New Caledonia",-23.75,167.7002,,,,true
266,1,"Ao Man, Thailand ",7.834319,98.406266,"",2014-12-04 23:29:59 UTC,2014-12-04 23:29:59 UTC,true
3153,21,"Apulian ridge, off Santa Maria di Leuca, Mediterranean",39.61167,18.35,,,,true
2465,21,"Arafura Sea, North Australia",-8.53556,136.267533,,,,true
2164,21,"Arethoussa, Kavala Bay, Greece",35.1958,26.2946,,,,true
2738,21,Argentinian continental slope,-50.53333,-63.05,,,,true
3234,21,"Arquets, Montgri, NW Mediterranean",42.057317,3.211964,,,,true
2444,21,"Arraial do Cabo, Saco dos Cordeiros, Rio de Janeiro, Brazil",-22.96667,-41.995,,,,true
3172,21,"Arrival Heights, McMurdo Sound, Antarctica",-77.85,166.65,,,,true
2906,21,Arrowsmith Bank,20.83333,-86.5,,,,true
525,1,Aruba,12.528171,-69.981483,"",2016-01-08 15:40:22 UTC,2016-01-08 15:40:22 UTC,true
2457,21,"Aru islands, Arafura Sea, Indonesia",-6.031257,134.520865,,,,true
2550,21,"Ascension island, Atlantic Ocean",-8.05,-14.45,,,,true
522,1,Atlantic (unspecified),13.695557,-47.026395,"",2015-11-22 20:08:06 UTC,2015-11-22 20:08:06 UTC,true
408,1,Au'au Channel,20.883,-156.754,"Au'au Channel, Main Hawaiian Islands",2015-05-27 06:30:23 UTC,2015-05-27 06:30:23 UTC,true
2610,21,"Augulpelu Reef, Palau islands",7.273497492,134.5486951,,,,true
2881,21,"Austasen, Eastern Weddell Sea, Antarctica",-72.85717,-19.64367,,,,true
2353,21,"Azores archipielago, Atlantic",38.4853,-28.4015,,,,true
603,1,"Babeldaob_1, Palau",7.515,134.5825,"",2017-07-23 11:23:24 UTC,2017-07-23 11:23:24 UTC,true
2326,21,"Bache Shoal, Florida Keys",25.4849,-80.149,,,,true
2160,21,"Baffin Bay, Canada",68.1349,-60.7235,,,,true
2607,21,"Bagabag Island, Papua New Guinea",-4.794816,146.221675,,,,true
222,1,Bahamas,25.533672,-77.384523,"",2014-12-04 23:29:59 UTC,2014-12-04 23:29:59 UTC,true
2678,21,"Bahia Conoma, Valle Seco, Venezuela",10.244031,-64.535494,,,,true
2761,21,"Bahia de Caraquez, Ecuador",-0.616981245,-80.42314788,,,,true
2692,21,"Bahia Honda, Florida",24.66731568,-81.26096668,,,,true
3268,21,"Bahia, Lixa Reef, Parcel das Paredes, Brazil",-17.745582,-38.919083,,,,true
3267,21,"Bahia, Pedra Grande, Parcel das Paredes, Brazil",-17.745583,-38.919083,,,,true
2234,21,"Baja Casju, Scandola, Corsica",42.3496,8.5585,,,,true
3035,21,"Bajo Diablo, Caño island, Costa Rica",8.687282,-83.912244,,,,true
2902,21,"Bajo Lunes, Puntilla de Santa Elena, Salinas, Ecuador",-2.189133,-81.013005,,,,true
3288,21,"Bali, Indonesia",-8.420374996,115.1402537,,,,true
3244,21,"Balun, Croatia, Mediterranean Sea",43.803889,15.255,,,,true
2072,21,"Balun, Kornati, Croatia",43.8023,15.253,,,,true
2182,21,"Banc Madyouna 1, Haouaria, Tunisia",37.1564,11.2719,,,,true
2183,21,"Banc Madyouna 2, Haouaria, Tunisia",37.15,11.2797,,,,true
2315,21,"Banco del Medio, Argentina",-38.1667,-57.4667,,,,true
2965,21,"Banc Stylaster, Norfolk Ridge, New Caledonia",-24.95,168.37,,,,true
3064,21,"Bandar Al-Khiran, Oman Sea",23.501662,58.763671,,,,true
166,1,"Banderas Bay, Mexico",20.605857,-105.632349,"min_depth=2, max_depth=10, start_year=2006, end_year=2008, methodology=DGGE",2014-12-04 23:29:59 UTC,2014-12-04 23:29:59 UTC,true
2042,21,"Banyuls sur-Mer, France",42.4777,3.1667,,,,true
561,1,"Bar Al-Hikman reef complex, Oman",20.30832,58.320344,"",2016-02-08 08:47:35 UTC,2016-02-08 08:47:35 UTC,true
451,1,"Barang Lompo, South Sulawesi, Flores Sea",-4.9653,119.3311,"",2015-07-29 20:48:21 UTC,2015-07-29 20:48:21 UTC,true
46,1,Barbados,13.065258,-59.39125,"min_depth=15, max_depth=0, start_year=2005, end_year=2007, methodology=DGGE",2014-12-04 23:29:59 UTC,2014-12-04 23:29:59 UTC,true
2615,21,"Barbados, Caribbean Sea",13.159375,-59.556559,,,,true
343,1,"Barren Island, Australia",-23.158121,151.076197,"",2014-12-04 23:29:59 UTC,2015-09-24 21:49:30 UTC,true
3011,21,"Barrenjoey, Australia",-33.57598488,151.3299854,,,,true
3219,21,"Bau Cap Trencat, Cap de Creus, NW Mediterranean",42.234219,3.240165,,,,true
2058,21,"Bay of Calvi, Corsica, France",42.5833,8.75,,,,true
3256,21,"Bay of Calvi, Corsica, NW Mediterranean",42.583333,8.75,,,,true
2378,21,"Bay of Houwan, Taiwan",21.9333,120.9333,,,,true
2897,21,"Bay of Panama, Panama",8.832317925,-79.15509263,,,,true
583,1,"Beacon_Islands, Houtman Abrolhos, Australia",-28.461389,113.697778,"",2017-07-23 05:32:35 UTC,2017-09-23 12:18:43 UTC,true
445,1,"Beer Odeeb, Northern Gulf of Suez, Red Sea",29.6807,32.3652,"",2015-07-29 04:54:58 UTC,2015-07-29 04:54:58 UTC,true
2244,21,"Begur, Catalonia, Spain",41.9581,3.2346,,,,true
2380,21,"Belize, Caribbean Sea",16.7753,-88.3291,,,,true
2822,21,"Bellona Plateau, West of New Caledonia",-36.96,177.332,,,,true
61,1,Bermuda,32.36868333,-64.78976111,"min_depth=0, max_depth=0, start_year=0, end_year=0, methodology=Cloning",2014-12-04 23:29:59 UTC,2014-12-04 23:29:59 UTC,true
465,1,"Bermuda Island, Fore-reef slope north",32.4658,-64.8439,"",2015-08-03 05:14:51 UTC,2015-08-03 05:14:51 UTC,true
464,1,"Bermuda Island, Fore-reef slope south",32.3445,-64.6234,"",2015-08-03 05:13:25 UTC,2015-08-03 05:13:25 UTC,true
468,1,"Bermuda Island, South Shore",32.3279,-64.6909,"",2015-08-03 05:30:36 UTC,2015-08-03 05:30:36 UTC,true
2334,21,"Beufort, North Caroline",34.7109,-76.659,,,,true
580,1,"Big Broadhurst_SW, Big Broadhurst Reef",-18.899722,147.755278,"",2017-07-23 05:19:25 UTC,2017-07-23 05:19:25 UTC,true
413,1,Big Broadhurt Reef,-18.902,147.734,"Big Broadhurst Reef, central Great Barrier Reef, Australia",2015-06-02 03:38:55 UTC,2015-06-02 03:38:55 UTC,true
2992,21,"Bight of Bonny, Isaka, Nigeria",4.164323273,8.141005983,,,,true
337,1,"Big Island, Hawaii",19.598607,-155.66803,"",2014-12-04 23:29:59 UTC,2014-12-04 23:29:59 UTC,true
199,1,"BIOSphere, Hawaii Institute of Marine Biology",21.428709,-157.792094,"",2014-12-04 23:29:59 UTC,2014-12-04 23:29:59 UTC,true
481,1,"Bird Island, Lizard Island",-14.693036,145.467231,Cath Lovelock site,2015-08-25 05:37:01 UTC,2015-08-25 05:37:01 UTC,true
482,1,"Bird Island Patch, Lizard Island",-14.690408,145.460378,Cath Lovelock site,2015-08-25 05:37:51 UTC,2015-08-25 05:37:51 UTC,true
2321,21,"Biscayne National Park, Florida",25.35,-80.1667,,,,true
365,1,"Biscayne National Park, Florida Keys",25.480263,-80.331586,"",2014-12-04 23:29:59 UTC,2014-12-04 23:29:59 UTC,true
3071,21,"Blake Station 190, off Dominica",15.303,-61.442,,,,true
3141,21,"Blank Bank, Northwest Hawaiian Islands",23.24,163.5225,,,,true
2653,21,"Blue Corner, Ngemelis Island, Palau",7.14,134.22,,,,true
3023,21,"Boca Chita Pass, Florida",25.5229,-80.1751,,,,true
2012,21,"Boca de Calderas, Cuba",23.1842,-82.0553,,,,true
2390,21,"Boca del Drago, Panama",9.4226,-82.3266,,,,true
2756,21,"Boca Flor de Malva, SE of Punta Tosca, Baja California",24.18529,-111.3509,,,,true
54,1,"Bocas del Toro District, Panama",9.33533611,-82.25432222,"min_depth=0, max_depth=0, start_year=2002, end_year=2002, methodology=cloning",2014-12-04 23:29:59 UTC,2014-12-04 23:29:59 UTC,true
2359,21,"Bolinao-Anda Reef Complex (BARC), Philippines",16.378,119.9113,,,,true
181,1,"Bolinao, Phillipines",16.3333,119.8833,"",2014-12-04 23:29:59 UTC,2014-12-04 23:29:59 UTC,true
480,1,"Bommie, Lizard Island",-14.689258,145.466683,Cath Lovelock's site near Bird Island,2015-08-25 04:51:50 UTC,2015-08-25 04:51:50 UTC,true
458,1,"Bondo, Karimunjawa Islands, Java",-6.4293,110.7562,"",2015-07-29 21:48:54 UTC,2015-07-29 21:48:54 UTC,true
3040,21,"Booby island, Man-O-war Bay, Charlotteville, Tobago",11.32242376,-60.5584192,,,,true
2549,21,"Bota Island, Cameroon, Atlantic Ocean",3.997921314,9.194060288,,,,true
2289,21,"Botanical Beach, Washington",48.5166,-124.45,,,,true
2792,21,Bouvet island,-54.43333,3.4,,,,true
419,1,Bowden Reef,-19.0496443,147.9546859,"",2015-06-05 05:22:36 UTC,2015-06-05 05:22:36 UTC,true
585,1,"Bowden_Reef_1, Bowden Reef",-19.036111,147.9275,"",2017-07-23 05:36:04 UTC,2017-07-23 05:36:04 UTC,true
632,1,Bowden_Reef_SW,-19.046175,147.919553,"",2017-08-25 04:10:01 UTC,2017-08-25 04:10:01 UTC,true
3108,21,"Bowling Green Bay, Queensland, Australia",-19.36037984,147.2531792,,,,true
2977,21,"Bransfield Strait and South Shetland Islands area, Antarctica",-62.539569,-58.554312,,,,true
2336,21,Brazil coast,-17.0069,-38.3136,,,,true
2526,21,"Bremer island, Gulf of Carpentaria, Australia",-12.09433,136.7959,,,,true
2221,21,"Bremer Point, Magnetic island",-19.15,146.8667,,,,true
248,1,"Buck Island, St. Croix",17.790045,-64.62038,"",2014-12-04 23:29:59 UTC,2014-12-04 23:29:59 UTC,true
2737,21,"Buenos Aires, Bahía Blanca, Argentina",-40.05,-57.0,,,,true
546,1,"Bundegi Reef, Australia",-21.844927,114.173732,"",2016-01-08 19:51:20 UTC,2016-01-08 19:51:20 UTC,true
2947,21,"Burbujas, between Los Potreros and Playa Arenillas, Puerto Jiménez, Golfo Dulce, Costa Rica",10.537059,-85.743086,,,,true
2876,21,"Burdwood Bank, Argentina",-54.88361,-58.40444,,,,true
2880,21,"Burdwood Bank stn PS61/150-01, Subantarctic",-54.50367,-56.13667,,,,true
2662,21,"Burford Island, Northern Australia",-11.48006446,131.9572807,,,,true
3130,21,"Bushnell Seamount, Hawaii",19.86601,-153.717208,,,,true
610,1,"Cabarruyan_Island_1, Philippines",16.366667,119.9,"",2017-07-23 11:38:33 UTC,2017-07-23 11:38:33 UTC,true
2325,21,"Cabo de Palos, Spain",37.6336,0.6844,,,,true
2271,21,"Cabo San Lucas, Mexico",22.8805,-109.966,,,,true
2091,21,"Caials, Cap de Creus, Spain ",42.2842,3.3097,,,,true
2907,21,"Caja de Muertos, Puerto Rico, Caribbean Sea",17.825,-66.56639,,,,true
3230,21,"Cala Bona, Cap de Creus, NW Mediterranean",42.312849,3.306284,,,,true
534,1,"Calafuria, Tyrrhenian Sea",43.450009,10.35,"Coordinates of site in Goffredo et al., 2009. (original coordinates given in Deg Min Sec)",2016-01-08 17:35:58 UTC,2016-01-08 17:35:58 UTC,true
2055,21,"Calafuria, Tyrrhenian Sea 2",43.5,10.3333,,,,true
2250,21,"Cala Oro East, Portofino, Italy",44.4972,9.1806,,,,true
2349,21,"Caldeira de Troia, Portugal",38.4857,-8.8908,,,,true
2044,21,California coast,35.8244,-121.4689,,,,true
2891,21,California Northeast Bank,32.2716305,-119.6724745,,,,true
2766,21,"Callao, Peru",-12.05158427,-77.13268179,,,,true
2912,21,Campbell plateau South of N. Zealand,-49.85,178.5833,,,,true
3295,21,"Campeche bank, Mexico",21.583333,-90.75,,,,true
237,1,"Canal de Afuera, Panama",7.671113,-81.666838,"",2014-12-04 23:29:59 UTC,2014-12-04 23:29:59 UTC,true
2525,21,"Canal Pitt Chico, Chile",-50.83531,-74.13914,,,,true
2278,21,"Cancun, Mexico",21.1653,-86.8081,,,,true
6,1,"Cane Bay, St. Croix",17.766108,-64.839977,"",2014-12-04 23:29:59 UTC,2014-12-04 23:29:59 UTC,true
2048,21,"Cannitello, Strait of Messina, Italy",38.2433,15.6735,,,,true
25,1,"Caño Island, Costa Rica",8.716667,-83.866667,"",2014-12-04 23:29:59 UTC,2015-07-15 01:21:07 UTC,true
2045,21,"Cap Bear, Banyuls sur-Mer, France",42.5151,3.143,,,,true
2375,21,"Cap Couronne,  Côte Bleue, France",43.3251,5.0521,,,,true
2157,21,"Cap de Creus, Spain",42.3179,3.3219,,,,true
2492,21,"Cape Arago, Middle Cove, Oregon, USA ",43.30680909,-124.4022556,,,,true
2551,21,"Cape Arid, Western Australia",-34.05,125.5167,,,,true
2363,21,"Cape Ashizuri, Kochi, Japan",32.5,132.8333,,,,true
2725,21,"Cape Brett, New Zealand",-35.216,174.4033,,,,true
516,1,"Cape Canaveral, USA",28.459234,-80.46078,"",2015-11-03 07:56:30 UTC,2015-11-03 07:56:30 UTC,true
2049,21,"Cape Elfola, Elba Island, Italy",42.8284,10.2591,,,,true
2771,21,"Cape Flattery, California",48.60833,-127.0133,,,,true
2495,21,"Cape Flora, Northbrook island, Arctic Ocean",79.95948496,50.10649521,,,,true
2786,21,"Cape Hatteras, North Carolina",35.141667,-75.166667,,,,true
2652,21,"Cape Hedo, Okinawa, Japan",26.8721,128.2666,,,,true
2674,21,"Cape Leveque, Western Australia",-16.385751,122.925435,,,,true
2942,21,"Cape Morgan, Transkei coast, South Africa",-32.70725553,28.36480884,,,,true
2497,21,"Cape Nusaniwe, Leitimur, Ambon",-3.786883818,128.0905484,,,,true
2567,21,"Cape Peninsula, South Africa",-33.98217,18.3594,,,,true
2993,21,"Cape St. Francis, Cape Province, South Africa",-34.26667,24.83333,,,,true
2511,21,Cape Verde islands,16.58333,-24.6,,,,true
3273,21,"Cap Fonza, Elba island, Italy, Mediterranean Sea",42.733333,10.283333,,,,true
2179,21,"Capo Grosso, Zembra, Tunisia",37.2142,10.8325,,,,true
2366,21,"Capo Mannu, Sardinia, Mediterranean Sea",40.0361,8.3809,,,,true
2384,21,"Caponga beach, Fortaleza, Brazil",-4.0333,-38.1833,,,,true
2046,21,"Cap Rederis, Banyuls sur-Mer, France",42.4653,3.1635,,,,true
2171,21,"Cap Tabarka, Tabarka, Tunisia",37.1069,8.81,,,,true
2324,21,"Carall Bernat, Medes islands, Spain",43.0417,3.2251,,,,true
2985,21,"Carbyns Cove, Andaman",11.64513,92.75859,,,,true
2802,21,"Cariaco Basin, west of Isla La Tortuga, Venezuela",10.95,-62.86667,,,,true
351,1,Caribbean,15.45368,-74.750977,No good location information,2014-12-04 23:29:59 UTC,2014-12-04 23:29:59 UTC,true
334,1,"Caribbean coast, Panama",9.62783,-79.172974,"",2014-12-04 23:29:59 UTC,2014-12-04 23:29:59 UTC,true
2690,21,"Carriacou island, Granada, Caribbean Sea",12.47883303,-61.44783891,,,,true
80,1,"Carrie Bow Cay, Belize",16.796983,-88.084388,"min_depth=0, max_depth=0, start_year=0, end_year=0, methodology=DGGE",2014-12-04 23:29:59 UTC,2014-12-04 23:29:59 UTC,true
49,1,"Cartagena, Colombia",10.141381,-75.930156,"min_depth=8, max_depth=36, start_year=2006, end_year=2006, methodology=DGGE",2014-12-04 23:29:59 UTC,2017-09-11 05:59:15 UTC,true
363,1,"Carysfort Reef, Florida Keys",25.253083,-80.219832,"",2014-12-04 23:29:59 UTC,2014-12-04 23:29:59 UTC,true
2257,21,"Casa del Sindaco, Portofino, Italy",44.3494,9.2497,,,,true
2066,21,"Castelvielle, Marseille, France",43.2017,5.4898,,,,true
463,1,"Castle Harbour, Bermuda",32.3482,-64.6791,"",2015-08-03 05:08:36 UTC,2015-08-03 05:08:36 UTC,true
2290,21,"Catalina island, California",33.36946,-118.42088,,,,true
2680,21,"Catham Bay, Cocos island",5.555783,-87.03893,,,,true
2397,21,"Cat island, Bahamas",24.15,-75.53333,,,,true
625,1,"Cattle Bay, Orpheus Island",-18.586545,146.481383,"",2017-08-25 02:58:06 UTC,2017-08-25 02:58:06 UTC,true
2237,21,"Cave b, Scandola, Corsica",42.3597,8.5575,,,,true
384,1,"Cayo Arcas, Gulf of Mexico",20.21,-91.98,"",2014-12-04 23:29:59 UTC,2014-12-04 23:29:59 UTC,true
2320,21,"Cayo Sombrero in Morrocoy, Venezuela",10.8667,-68.2687,,,,true
2552,21,"Cay Sal Bank, Bahamas",23.865,-80.71167,,,,true
3265,21,"Ceará, off Iguapé Point and Maceió Point, Brazil",-3.5,-37.941667,,,,true
3210,21,"Central East of Sardinia, Mediterranean Sea",40.060424,9.68703,,,,true
510,1,Central Great Barrier Reef,-18.913482,146.744766,"",2015-11-02 06:33:07 UTC,2015-11-02 06:33:07 UTC,true
2145,21,"Central Tyrrhenian, Mediterranean Sea",40.6433,13.6833,,,,true
2626,21,"Chabahar, Gulf of Oman",25.27407,60.67748,,,,true
2346,21,"Chafarinas islands, Morocco",35.1786,-2.4317,,,,true
2433,21,"Chagos Archipelago, Indian Ocean",-6.667754,71.429823,,,,true
2621,21,"Challenger st. 188, South of Papua, Arafura Sea",-9.59,139.42,,,,true
3077,21,"Challenger, sta. 135D, off Inaccessible Island, Tristan de Cunha ",-37.41667,-12.375,,,,true
3086,21,"Challenger, sta. 171, Kermadec Islands, NE of New Zealand ",-28.55,177.8333,,,,true
3078,21,"Challenger, sta. 308, Chile",-50.14167,-74.68333,,,,true
59,1,Charlotte Amalie,18.296119,-64.890936,"min_depth=2, max_depth=7, start_year=2007, end_year=2007, methodology=DGGE",2014-12-04 23:29:59 UTC,2014-12-04 23:29:59 UTC,true
3051,21,"Chatham Rise, New Zealand, RV Tangaroa, stn. 153",-42.735,-179.899,,,,true
624,1,"Checker Reef, Kaneohe_Bay_4, Hawaii",-21.444444,-157.769444,"",2017-07-23 12:36:08 UTC,2017-07-24 22:50:26 UTC,true
397,1,"Cheeca Patch, Florida",24.907447,-80.61826,"",2015-04-28 03:56:02 UTC,2015-04-28 04:02:14 UTC,true
2609,21,"Chesterfield Bank, New Caledonia",-19.4,158.4508,,,,true
3046,21,"Chesterfield island, New Caledonia",-19.66667,158.4514,,,,true
263,1,"Chinchorro Bank, Mexico",18.611044,-87.315085,"",2014-12-04 23:29:59 UTC,2014-12-04 23:29:59 UTC,true
28,1,"Chinimi, Enewetak Atoll, Marshall Islands",11.520639,162.222049,"Depth is midpoint of given range (2-5m).
Site of nuclear tests 1948-1958.",2014-12-04 23:29:59 UTC,2014-12-04 23:29:59 UTC,true
478,1,"Chinwan Inner Bay, Penghu Islands, Taiwan",23.529407,119.560103,"",2015-08-14 03:52:13 UTC,2015-08-14 03:52:13 UTC,true
2331,21,"Chitou Bay, Taiwan Strait",28.6333,119.5667,,,,true
3294,21,"Chocolate hole, St John, Virgin islands",18.313613,-64.787743,,,,true
390,1,"Christiansted Harbor Back Reef-Round Reef, St. Croix",17.754832,-64.698232,"",2014-12-04 23:29:59 UTC,2014-12-04 23:29:59 UTC,true
389,1,"Christiansted Harbor Fore-Reef, St. Croix",17.758092,-64.714239,"",2014-12-04 23:29:59 UTC,2014-12-04 23:29:59 UTC,true
3269,21,"Chub cay, Bahamas",25.41623336,-77.88764936,,,,true
2740,21,"Chubut, San Matías Gulf, Argentina",-41.21667,-65.98333,,,,true
395,1,"Chumbe Island, Zanzibar",-6.0538,39.4692,"",2014-12-04 23:29:59 UTC,2014-12-04 23:29:59 UTC,true
605,1,"Chumphon reef_2, Thailand",10.366667,99.316667,"",2017-07-23 11:29:58 UTC,2017-07-23 11:29:58 UTC,true
606,1,"Chumphon reef_3, Thailand",10.366667,99.333333,"",2017-07-23 11:30:16 UTC,2017-07-23 11:30:16 UTC,true
3262,21,"Cinque Terre, Italy, Mediterranean Sea",44.083333,8.75,,,,true
2667,21,"Clerke reef, Rowley Shoals, Western Australia",-17.36186024,119.333874,,,,true
265,1,Clipperton Atoll,10.286043,-109.216133,"",2014-12-04 23:29:59 UTC,2014-12-04 23:29:59 UTC,true
3208,21,"Coast of Begur, Costa Brava, NW Mediterranean",42.016667,3.248611,,,,true
402,1,"Coast of Jeddah, Saudi Arabia, Central Red Sea",21.9994189,38.8731244,"",2015-05-08 15:12:44 UTC,2015-08-28 01:24:24 UTC,true
3207,21,"Coast of Montgri, Costa Brava, NW Mediterranean",42.098889,3.214167,,,,true
2661,21,"Cockburn reef, Great Barrier Reef",-11.81327131,143.3729595,,,,true
347,1,"Coconut Island, Kaneohe Bay, Oahu",21.434395,-157.787983,"",2014-12-04 23:29:59 UTC,2014-12-04 23:29:59 UTC,true
3013,21,"Cocos island, Costa Rica",5.53329266,-87.06713357,,,,true
3177,21,"Coetivy islands, Seychelles",-7.127194,56.282132,,,,true
2047,21,"Coiba National Park, Panama",7.4405,-81.6717,,,,true
236,1,"Coiba, Panama",7.638999,-81.75404,"",2014-12-04 23:29:59 UTC,2014-12-04 23:29:59 UTC,true
3306,21,"Colon, Panama, Albatross sta. 2147",9.538889,-79.9125,,,,true
3227,21,"Columbretes islands, NW Mediterranean",39.898372,0.685842,,,,true
2354,21,"Comau and Reñihué fjords, Chilean Patagonia",-42.2558,-72.7051,,,,true
357,1,"Conch Reef, Florida",24.95797,-80.46052,"",2014-12-04 23:29:59 UTC,2014-12-04 23:29:59 UTC,true
2571,21,"Con Dao Island, South China Sea, Vietnam",8.416667,106.3967,,,,true
2374,21,"Conero Promontory, North Adriatic Sea",43.5811,13.5722,,,,true
2426,21,"Conic island, Hong Kong",22.363645,114.391517,,,,true
579,1,"CONI, Dampier",-20.574778,116.712703,"",2017-07-23 05:13:07 UTC,2017-07-23 05:13:07 UTC,true
3144,21,"Conservas, La Parguera, SW Puerto Rico",17.9556,-67.04282,,,,true
2833,21,Continental Anctartica,-72.84833,-19.66667,,,,true
2887,21,continental slope off Georgia,30.79167,-79.81667,,,,true
2796,21,"Continental slope off Rio de la Plata, Argentina",-37.28333,-53.86667,,,,true
2470,21,"Cootamundra Shoals, Australia",-10.85,129.21667,,,,true
2933,21,"Cope, Manabí, Ecuador",-1.726111,-81.00694,,,,true
2990,21,"Coquitos Point, Bajo del Diablo, Caño Island, Osa Peninsula, Costa Rica",8.716667,-85.86667,,,,true
2461,21,"Coral Bay, Ningaloo, Western Australia",-23.140651,113.751493,,,,true
396,1,"Coral Gardens, Florida",24.823445,-80.755097,"",2015-04-28 03:54:10 UTC,2015-04-28 04:00:33 UTC,true
2844,21,"Coral island, Gulf of Eilat, Red Sea",26.83398348,33.98311866,,,,true
2404,21,"Coralline Archipelagos, Colombia, Caribbean",9.811255,-75.897934,,,,true
378,1,"Coral Reef Early Warning Station, Discovery Bay, Jamaica",18.472937,-77.415307,"",2014-12-04 23:29:59 UTC,2014-12-04 23:29:59 UTC,true
2751,21,"Cordell Bank, California",38.0543,-123.48,,,,true
487,1,"Corner Beach, Lizard Island",-14.670397,145.442965,Cath Lovelock site,2015-08-25 05:40:10 UTC,2015-08-25 05:40:10 UTC,true
3074,21,"Corner Rise Seamounts, Station MIL 111-1, Northwest Atlantic",34.81267,-50.50383,,,,true
2863,21,"Coronation Island, South Orkneys, Antarctica",-60.57216432,-45.57099487,,,,true
2316,21,"Costa Brava, Girona, Spain",41.8549,3.1778,,,,true
2286,21,"Cova de la Vaca, Medes Islands, Spain",42.05,3.25,,,,true
2710,21,"Coy inlet, Patagonia",-50.933,-69.233,,,,true
2391,21,"Crawl Cay Channel, Panama",9.2602,-82.1091,,,,true
2230,21,"Cross Harbour, Fished population, Little Bahama",25.95,-77.35,,,,true
2064,21,"Cross Harbour Ridge, Little Bahama ",25.9485,-77.3397,,,,true
3137,21,"Cross Seamount, Hawaii",18.70972,-158.2553,,,,true
2858,21,"Cueva Refugio, San Pedro Mártir Island, Sonora, Mexico",28.37162,-112.3173,,,,true
3299,21,"Cumaná, Venezuela",10.461217,-64.194112,,,,true
2832,21,"Cumberland Bay, South Georgia",-54.28333,-36.46667,,,,true
68,1,Curacao,12.197672,-68.939165,"min_depth=40, max_depth=40, start_year=2005, end_year=2005, methodology=DGGE",2014-12-04 23:29:59 UTC,2014-12-04 23:29:59 UTC,true
91,1,"Curacao Island, Australia",-18.66725278,146.5557028,"min_depth=1, max_depth=6, start_year=2003, end_year=2003, methodology=DGGE",2014-12-04 23:29:59 UTC,2014-12-04 23:29:59 UTC,true
3241,21,"Cutin Mali, Croatia, Mediterranean Sea",44.724722,14.493333,,,,true
437,1,"Cyrene patch reef, Singapore",1.2516,103.7184,"",2015-07-28 05:18:49 UTC,2015-07-28 05:18:49 UTC,true
3005,21,"Dahab, Red Sea",28.5095,34.52174,,,,true
381,1,"Dairy Bull, Jamaica",18.46805,-77.388367,"",2014-12-04 23:29:59 UTC,2014-12-04 23:29:59 UTC,true
2451,21,"Dampier Archipelago, Australia",-20.663,116.7086,,,,true
130,1,"Dampier, Australia",-20.663799,116.70846,"min_depth=0, max_depth=7, start_year=2005, end_year=2005, methodology=DGGE",2014-12-04 23:29:59 UTC,2014-12-04 23:29:59 UTC,true
2576,21,"Dampier, Pluto Gas Field, NW Australia",-19.9352,115.3261,,,,true
379,1,"Dancing Ladies, Discovery Bay, Jamaica",18.472817,-77.413367,"",2014-12-04 23:29:59 UTC,2014-12-04 23:29:59 UTC,true
2994,21,"Danger Point, Cape Province",-34.71667,19.33333,,,,true
2944,21,"Dar es Salaam, Zanzibar",-6.75388,39.285859,,,,true
2665,21,"Darley Reef, Queensland, Great Barrier Reef",-19.19867537,148.1872148,,,,true
560,1,"Darvel Bay, North Borneo, Malaysia",5.004837,118.332772,"",2016-02-08 06:57:50 UTC,2016-02-08 06:59:34 UTC,true
2983,21,"Datan Algal Reef, Taoyuan, Taiwan",25.03551,121.0489,,,,true
2024,21,"Davidson Seamount, California",35.75,-122.7,,,,true
589,1,"Davies_1, Davies Reef",-18.833333,147.65,"",2017-07-23 05:46:02 UTC,2017-07-23 05:46:02 UTC,true
368,1,Davies Reef,-18.830949,147.651977,Exact location of Oliver et al. 1983.,2014-12-04 23:29:59 UTC,2014-12-04 23:29:59 UTC,true
83,1,Day Reef,-14.289284,145.329191,"min_depth=25, max_depth=29, start_year=2008, end_year=2008, methodology=DGGE",2014-12-04 23:29:59 UTC,2014-12-04 23:29:59 UTC,true
2644,21,"Dekel Beach, Eilat, Gulf of Aqaba, Israel, Red Sea",29.53403,34.96238,,,,true
2826,21,"Derickson Seamount, Gulf of Alaska ",53.03018,-161.2141,,,,true
2827,21,"Derickson Seamount II, Gulf of Alaska ",52.00977,-161.2401,,,,true
2828,21,"Derickson Seamount III, Gulf of Alaska ",53.04077,-161.1848,,,,true
2829,21,"Derickson Seamount IV, Gulf of Alaska ",52.98387,-161.249,,,,true
2830,21,"Derickson Seamount V, Gulf of Alaska ",54.98733,-140.3998,,,,true
2233,21,"Desbarres Canyon, Grand Banks south of Newfoundland",43.8958,-52.942,,,,true
570,1,Dhabiya			,24.36549992,54.10079998,"Reef 5.5km offshore from Dhabiya district, Abu Dhabi, UAE",2017-03-06 08:56:47 UTC,2017-03-06 08:56:47 UTC,true
2254,21,"Diamante, Portofino, Italy",44.4353,9.2144,,,,true
571,1,Dibba			,25.60313453,56.34847672,"Reef fringing Dibba Rock, Fujairah. UAE",2017-03-06 08:57:20 UTC,2017-03-06 08:57:20 UTC,true
2836,21,"Dickins Seamount, Gulf of Alaska",54.51417,-136.9092,,,,true
2673,21,"Dip reef, Queensland, Great Barrier Reef",-18.41286399,147.4501274,,,,true
227,1,"Discovery Bay, Jamaica",18.467479,-77.404089,"",2014-12-04 23:29:59 UTC,2014-12-04 23:29:59 UTC,true
2027,21,"Dixon Entrance 1, NE Pacific",54.3798,-132.861,,,,true
3308,21,"Dixon Entrance 2, NE Pacific",54.444,-133.142,,,,true
3309,21,"Dixon Entrance 3, NE Pacific",54.456,-133.155,,,,true
3310,21,"Dixon Entrance 4, NE Pacific",54.569,-133.023,,,,true
2345,21,"Dixon Entrance, Alaska",54.3918,-132.0226,,,,true
2021,21,"Dixon Entrance, Gulf of Alaska, NE Pacific",54.4122,-132.086,,,,true
2691,21,"Dominica island, Caribbean Sea",15.49513922,-61.3698816,,,,true
3163,21,"Dongsha Atoll, Taiwan",20.65553656,116.9015227,,,,true
2264,21,"Double cone island, GBR",-20.1079,148.7092,,,,true
3202,21,"Dover strait, English Channel",51.01414077,1.496425549,,,,true
2252,21,"Dragone, Portofino, Italy",44.4936,9.3181,,,,true
526,1,"Dry Tortugas National Park, Florida",24.664207,-82.865174,"",2016-01-08 16:14:39 UTC,2016-01-08 16:14:39 UTC,true
180,1,"Dumaguete, Philippines",9.3167,123.3,"",2014-12-04 23:29:59 UTC,2014-12-04 23:29:59 UTC,true
2265,21,"Dungenesse Reef, Australia",50.9151,0.966,,,,true
2572,21,"Dung Island, Nha Trang Bay, South China Sea, Vietnam",12.26667,109.3633,,,,true
75,1,"Dunsborough, Australia",-33.596592,115.125443,"min_depth=0, max_depth=15, start_year=2005, end_year=2005, methodology=DGGE",2014-12-04 23:29:59 UTC,2014-12-04 23:29:59 UTC,true
2478,21,"Durban, Natal, South-Africa ",-29.53333,31.28333,,,,true
2637,21,"Dur Ridgrig, Dahlak Archipelago, Eritrea",15.711309,40.106339,,,,true
2440,21,"East Arm, Darwin, North Australia",-12.49333,130.8942,,,,true
3258,21,"East Cabritte, US Virgin islands",18.309183,-64.718817,,,,true
528,1,Eastern Adriatic Sea,43.06269,16.4527,"25 locations in the eastern Adriatic Sea given in Kruzic et al., 2012. Fine detail can be added at a later time if needed.",2016-01-08 16:38:42 UTC,2016-01-08 16:38:42 UTC,true
2350,21,"Eastern Canada, NW Atlantic",62.3065,-60.87,,,,true
3204,21,"Eastern Cap de Creus, Costa Brava, NW Mediterranean",42.268056,3.280556,,,,true
2129,21,East Florida,30.733,-79.433,,,,true
527,1,"East Flower Garden Bank, Gulf of Mexico",27.918961,-93.598427,"",2016-01-08 16:28:03 UTC,2016-01-08 16:28:03 UTC,true
2600,21,"East of Jogashima Spur, Japan",35.05867,139.6238,,,,true
2873,21,"East Pacific Rise, 500 km off Acapulco",12.72,-102.6,,,,true
2458,21,"East Point, Darwin, North Australia",-12.41167,130.8067,,,,true
2295,21,"East Point, Nahant, Massachusetts",42.4167,-70.9,,,,true
2931,21,Ecuador coast,-1.035959,-80.83949,,,,true
601,1,"Eilat_1, Israel",29.533333,34.966667,"",2017-07-23 11:20:42 UTC,2017-07-23 11:20:42 UTC,true
2643,21,"Eilate Nature Reserve, Red Sea",29.51,34.9225,,,,true
3105,21,"Eilat Harbour, Red Sea",29.53200513,34.94214467,,,,true
43,1,"Eilat, Israel",29.54973056,34.95620556,"min_depth=0, max_depth=0, start_year=1999, end_year=1999, methodology=Sequencing",2014-12-04 23:29:59 UTC,2014-12-04 23:29:59 UTC,true
2953,21,"El Agudo, Spain, Bay of Biscay",43.99635,-5.579333,,,,true
3076,21,"Elat, Kei
Islands, Arafura Sea",-5.9,132.945,,,,true
530,1,"Elba Isle, Tyrrhenian Sea",42.750143,10.39978,"Coordinates of site in Goffredo et al., 2009. (original coordinates given in Deg Min Sec)",2016-01-08 17:23:18 UTC,2016-01-08 17:23:18 UTC,true
3217,21,"El bau de fora, Cap de Creus, NW Mediterranean",42.342921,3.277931,,,,true
2970,21,"El Cañon, San Benedicto, Revillagigedo Archipelago",19.29781,-110.8047,,,,true
2368,21,"Elefante Island, Las Perlas Archipielago, Panama",8.4068,-78.8027,,,,true
2840,21,"Elephant island, Antarctica",-60.6465,-53.957,,,,true
2888,21,"Eleuthera island, Bahamas",24.9089718,-76.18646663,,,,true
425,1,El-Fanadir,27.2444778,33.7930128,"",2015-06-25 01:51:13 UTC,2015-06-25 05:26:10 UTC,true
2924,21,"El Faro, Oxaca",15.793332,-96.04135,,,,true
2663,21,"Elford Reef, Queensland, Great Barrier Reef",-16.9111196,146.2386747,,,,true
3218,21,"El Gat, Cap de Creus, NW Mediterranean",42.233202,3.269691,,,,true
3148,21,"El Hoyo, La Parguera, SW Puerto Rico",17.87598,-67.04365,,,,true
2900,21,"Elizabeth bay, Albemarle island, Galapagos",-0.597711854,-91.08432434,,,,true
186,1,"Elkhorn Reef, Florida",25.21766,-80.09961,"",2014-12-04 23:29:59 UTC,2014-12-04 23:29:59 UTC,true
3103,21,"El Kura, Gulf of Elat",29.441349,34.957566,,,,true
2013,21,"El Morro, Santa Marta, Colombia",11.249,-74.2301,,,,true
3220,21,"Els Forcats, Cap de Creus, NW Mediterranean",42.302815,3.304023,,,,true
2342,21,"Endicott Arm, Alaska",57.7265,-133.2318,,,,true
173,1,"Enewetak Atoll, Marshall Islands",11.413548,162.147607,"",2014-12-04 23:29:59 UTC,2014-12-04 23:29:59 UTC,true
2060,21,English channel,50.4893,-0.9647,,,,true
2595,21,"Enoshima, Nagoya, Japan",35.30940212,139.4806099,,,,true
521,1,Equatorial Eastern Pacific,4.042618,-84.420333,"",2015-11-10 08:07:53 UTC,2015-11-10 08:07:53 UTC,true
2676,21,"Erskine island, Queensland, Great Barrier Reef",-23.09868103,151.7829895,,,,true
636,1,Esk Reef,-18.773818,146.519938,"",2017-08-25 04:27:56 UTC,2017-08-25 04:27:56 UTC,true
3257,21,"Europa Bay, US Virgin islands",18.316717,-64.729933,,,,true
2611,21,"Europa island, Madagascar",-22.366928,40.353096,,,,true
3173,21,"Explorer's Cove, Antarctica",-77.566667,163.583333,,,,true
582,1,"Faga’alu, American Samoa",-14.279444,-170.700833,"",2017-07-23 05:30:10 UTC,2017-09-23 12:20:48 UTC,true
2343,21,"Fairweather ground, Alaska",57.2882,-138.3239,,,,true
2790,21,Falkland islands,-53.0,-60.0,,,,true
3048,21,"False Bay, Cape Province, South Africa",-34.25,18.5,,,,true
3255,21,"False bay, South Africa",-34.19552919,18.65115964,,,,true
2471,21,"Farmers Point, Facing island, Queensland, Australia",-23.75,151.3333,,,,true
2260,21,"Faro Cape, Portofino, Italy",44.5461,9.255,,,,true
2630,21,"Farur Island, Persian Gulf, Iran",26.284482,54.507351,,,,true
89,1,Feather Reef,-17.53280278,146.3924694,"min_depth=10, max_depth=17, start_year=2003, end_year=2003, methodology=DGGE",2014-12-04 23:29:59 UTC,2014-12-04 23:29:59 UTC,true
2186,21,Federated States of Micronesia,7.4221,151.7193,,,,true
2239,21,"Figuier Exterior, Marseille, France",43.2051,5.4469,,,,true
2247,21,"Figuier interior, Marseille, France",43.2052,5.4469,,,,true
122,1,Fiji,-17.713371,178.065032,"min_depth=0, max_depth=0, start_year=2008, end_year=2008, methodology=DGGE",2014-12-04 23:29:59 UTC,2014-12-04 23:29:59 UTC,true
3126,21,"Fiji plateau, Pacific Ocean",-19.16667,178.1667,,,,true
3191,21,"Filchner Ronne Ice Shelf, Weddell Sea, Antarctica",-74.416704,-23.963032,,,,true
2063,21,"Filicudi, Sicily, Italy",38.5544,14.5656,,,,true
2720,21,"Firth of Thames, New Zealand",-37.03294284,175.4098969,,,,true
2445,21,"Fish reef, Bynoe Harbour, Australia",-12.43333,130.45,,,,true
2524,21,"Fjord Isla, Bernardo, Chile",-48.28694,-74.33611,,,,true
2989,21,"Flinders Marine Park, Tasman Sea",-40.47,149.405,,,,true
2666,21,"Flinders reef, Queensland, Great Barrier Reef",-26.98195073,153.4998267,,,,true
260,1,Florida Caribbean,0.0,0.0,"",2014-12-04 23:29:59 UTC,2014-12-04 23:29:59 UTC,true
50,1,Florida Keys,24.776438,-80.717769,"min_depth=10, max_depth=10, start_year=2006, end_year=2006, methodology=DGGE",2014-12-04 23:29:59 UTC,2014-12-04 23:29:59 UTC,true
2104,21,Florida straits,27.0,-79.0,,,,true
2716,21,"Fly Point, Port Stephens, N.S.W., Australia ",-32.71325356,152.1511831,,,,true
370,1,"Fort Jefferson, Florida",24.627435,-82.87314,"",2014-12-04 23:29:59 UTC,2014-12-04 23:29:59 UTC,true
2785,21,"Fort Lauderdale, Florida",26.26667,-79.71667,,,,true
31,1,"Fort Lauderdale, Florida, USA",26.121446,-80.103239,"Location only approximate as co-ordinates not given (Knutson et al. 1972).
Depth is midpoint of given range (2-5m).",2014-12-04 23:29:59 UTC,2014-12-04 23:29:59 UTC,true
2734,21,"Frailes del Sur, Azuero, Panama",7.334524831,-80.13333337,,,,true
2698,21,"Frederickstad, St. Croix, Caribbean Sea",17.71438006,-64.88793161,,,,true
44,1,French Frigate Shoals,23.84968333,-166.2974333,"min_depth=15, max_depth=20, start_year=2006, end_year=2005, methodology=Cloning",2014-12-04 23:29:59 UTC,2014-12-04 23:29:59 UTC,true
2712,21,"French Reef, Florida keys",25.03888976,-80.35059462,,,,true
2718,21,"Funafuti Atoll, Ellice Island",-8.523820842,179.1196865,,,,true
3213,21,"Gabinière island, Port Cros, France, NW Mediterranean Sea",42.988301,6.395184,,,,true
2014,21,"Gairaca, Santa Marta, Colombia",11.3251,-74.1141,,,,true
536,1,Galapagos Islands,-0.800351,-90.497096,"",2016-01-08 18:16:57 UTC,2016-01-08 18:16:57 UTC,true
2954,21,Galicia Bank (northwestern Spain),42.48953,-11.85485,,,,true
2176,21,"Gallina, La Galite, Tunisia",37.6756,9.7706,,,,true
2175,21,"Gallo, La Galite, Tunisia",37.7014,9.1086,,,,true
3305,21,"Gallows bay, St. Eustatius, Caribbean Sea",17.475034,-62.985873,,,,true
175,1,"Galu Falhu, Maldives",4.205432,73.498778,"",2014-12-04 23:29:59 UTC,2014-12-04 23:29:59 UTC,true
3237,21,"Gandia, W Mediterranean Sea",38.992006,-0.151937,,,,true
2823,21,"Ganquan Plateau, South China Sea",16.879768,110.783939,,,,true
2310,21,"Garambi, Formosa, Taiwan",21.8994,120.8416,,,,true
3286,21,"Gardner Pinnacles, Pacific Ocean",25.350556,-168.15,,,,true
2070,21,"Gargallu, Scandola NR, France",42.3702,8.5342,,,,true
3050,21,"Gaußstation, Antarctica",-66.03,89.63,,,,true
3250,21,"Genoa Harbor, Italy, Mediterranean Sea",44.409194,8.927417,,,,true
529,1,"Genova, Ligurian Sea",44.333303,9.133342,"Coordinates of site in Goffredo et al., 2009. (original coordinates given in Deg Min Sec)",2016-01-08 17:07:10 UTC,2016-01-08 17:07:10 UTC,true
3,1,"Geoffrey Bay, Magnetic Island",-19.156016,146.864828,"",2014-12-04 23:29:59 UTC,2014-12-04 23:29:59 UTC,true
2694,21,Georges bank,40.819649,-68.562793,,,,true
3002,21,"Gezirat Fara’un, Gulf of Aqaba, Red Sea",29.46304,34.85761,,,,true
2490,21,"Ghadior, Dakar, Senegal",14.730868,-17.461848,,,,true
2382,21,"Giens, France, Mediterranean Sea",42.0324,6.1425,,,,true
3193,21,"Gigante Seamount Complex, Mid-Atlantic Ridge, Azores region",39.0,-30.0,,,,true
3201,21,"Gioia Canyon, Tyrrhenian Sea",38.5,15.766667,,,,true
2054,21,"Girona Coast, Spain",42.0315,3.2083,,,,true
2456,21,"Gladstone, Rat Island, Queensland, Australia",-23.76667,151.3167,,,,true
1,1,Global estimate,0.0,0.0,"Global estimate is special location reserved for species-level traits. Such traits include individual-level traits that do not vary among individuals of a species over ecological time-scales (e.g., sexual system), as well as emergent characteristics of individuals within a species (such as geographical range size and greatest depth observed). Species-level traits do not have contextual traits because, by definition, they apply to all individuals, globally.",2014-12-04 23:29:59 UTC,2015-05-12 00:59:53 UTC,true
2770,21,"Gold Beach, Oregon",42.45722,-124.84,,,,true
2212,21,"Golden Garden, Washington",47.6902,-122.4087,,,,true
372,1,"Golding Cay, Bahamas",24.219691,-77.602505,This location was very hard to find and probably no longer called Golding Cay.  The description was taken from Vaughan 1915.,2014-12-04 23:29:59 UTC,2014-12-04 23:29:59 UTC,true
2868,21,"Gomomo island, Ceram Sea",-1.891667,127.65,,,,true
2831,21,"Gonubie, Eastern Cape Province",-33.11333,28.08167,,,,true
2401,21,"Gorda rock, Bahamas",26.11667,-77.55,,,,true
455,1,"Gosong Cemara, Karimunjawa Islands, Java",-5.8213,110.3816,"",2015-07-29 21:12:04 UTC,2015-07-29 21:57:56 UTC,true
2420,21,"Goto islands, Japan",32.685974,128.74989,,,,true
2839,21,"Gough Island, Saint Helena",-40.31749386,-9.936308501,,,,true
2688,21,"Granada, Caribbean Sea",12.122688,-61.682381,,,,true
3116,21,"Grand Banks south of Newfoundland, NW Atlantic Ocean",45.0006059,-53.00021463,,,,true
2009,21,Grand Cayman,19.3531,-81.2367,,,,true
2154,21,"Grand Conglue, Marseille, France",43.176,5.3999,,,,true
235,1,Granito I Panama Caribbean,0.0,0.0,"",2014-12-04 23:29:59 UTC,2014-12-04 23:29:59 UTC,true
2003,21,"Great Abaco, Bahamas ",26.3871,-77.2474,,,,true
2775,21,Great Bahama Bank,23.48333,-77.15,,,,true
3032,21,"Great Bahaman Bank, between Andros and Great Exuma Islands, Bahamas",23.4,-76.55,,,,true
2,1,Great Barrier Reef (GBR),-17.832374,146.821289,The Great Barrier Reef region. GBR.,2014-12-04 23:29:59 UTC,2014-12-04 23:29:59 UTC,true
2719,21,"Great Exhibition Bay, New Zealand",-34.465,173.2115,,,,true
416,1,Great Palm Island,-18.726585,146.6306316,"",2015-06-05 04:52:28 UTC,2015-06-05 04:52:28 UTC,true
558,1,"Green Island, Taiwan",22.63889,121.47948,"Green Island, offshore of Taiwan",2016-01-11 02:07:59 UTC,2016-01-11 02:07:59 UTC,true
3151,21,"Grotte Bear, Banyuls, Mediterranean",42.515752,3.140926,,,,true
2149,21,"Grotte Pérès, Marseille, France",43.1878,5.3825,,,,true
2151,21,"Grotte sud, Riou island, France",43.1767,5.3753,,,,true
420,1,Grub Reef,-18.6265198,147.4286768,"",2015-06-05 05:26:08 UTC,2015-06-05 05:26:08 UTC,true
2683,21,"Guadalupe island, Caribbean Sea",16.23246108,-61.54268761,,,,true
114,1,Guam,13.50385,144.723552,"min_depth=0, max_depth=0, start_year=1999, end_year=1999, methodology=Sequencing",2014-12-04 23:29:59 UTC,2014-12-04 23:29:59 UTC,true
609,1,"Guam_1, Guam",13.444167,144.793611,"",2017-07-23 11:37:45 UTC,2017-09-23 04:34:08 UTC,true
2812,21,Guinea Bissau,10.91667,-16.66667,,,,true
459,1,"Guiri Guiri Reef, Papagayo Gulf, Pacific Costa Rica",10.5743,-85.7344,"",2015-07-30 03:52:32 UTC,2015-07-30 03:52:32 UTC,true
2483,21,"Gujarat, India",22.525,68.1,,,,true
2090,21,"Gulf of Alaska, NE Pacific",55.007,-134.435,,,,true
185,1,"Gulf of Aqaba, Red Sea",28.75,34.75,"",2014-12-04 23:29:59 UTC,2014-12-04 23:29:59 UTC,true
2473,21,"Gulf of Carpentaria, Australia",-11.25167,140.4233,,,,true
2733,21,"Gulf of Chiriquí, Panama",7.879034,-82.177804,,,,true
2301,21,"Gulf of Eliat, Red Sea",29.5623,34.9871,,,,true
429,1,Gulf of Guanahacabibes,22.041552,-84.6080518,"",2015-06-25 06:49:30 UTC,2015-06-25 06:49:30 UTC,true
2338,21,"Gulf of Maine, Northeast Channel ",41.9763,-65.6389,,,,true
2184,21,"Gulf of Maine, Northeast Channel Coral Conservation Area",41.9764,-65.6388,,,,true
3104,21,"Gulf of Mannar, Sri Lanka, Indian Ocean",8.830894,79.73421,,,,true
3261,21,"Gulf of Mexico, Caribbean Sea",25.33883058,-90.02124697,,,,true
2224,21,"Gulf of Mexico, site A",30.0667,-88.2167,,,,true
2225,21,"Gulf of Mexico, site B",30.0,-87.95,,,,true
2294,21,"Gulf of Naples, Italy",40.7798,14.3378,,,,true
403,1,"Gulf of Papagayo, Costa Rica",10.737026,-85.845548,"",2015-05-12 06:15:30 UTC,2015-05-12 06:15:30 UTC,true
3154,21,"Gulf of St. Eufemia, Italy, Mediterranean Sea",38.78333,16.11667,,,,true
2189,21,"Gulf of St. Lawrence, Canada",48.7253,-63.1301,,,,true
537,1,Gulf of Suez,28.729414,33.000291,"",2016-01-08 18:21:57 UTC,2016-01-08 18:21:57 UTC,true
167,1,Gulf of Tehuantepec,15.529831,-96.516386,"min_depth=2, max_depth=10, start_year=2006, end_year=2008, methodology=DGGE",2014-12-04 23:29:59 UTC,2014-12-04 23:29:59 UTC,true
411,1,Gulf of Thailand,9.288,104.236,"Gulf of Thailand, Vietnam",2015-06-02 03:31:40 UTC,2015-06-02 03:31:40 UTC,true
2300,21,"Gully MPA and Flemish Cap area, NW Atlantic",47.269,-43.5224,,,,true
198,1,"Gun Beach, Guam",13.518203,144.806564,"",2014-12-04 23:29:59 UTC,2014-12-04 23:29:59 UTC,true
2999,21,"Gupo island, Penghu islabnd, Taiwan",23.93861,119.6856,,,,true
2561,21,"Gu-Po Reef, Penghu, Taiwan",23.71432,119.5581,,,,true
2322,21,"Gurnet rock, Bermuda, Caribbean",32.3386,-64.2628,,,,true
2515,21,"Haano Island, Tonga",-19.63583,-174.2989,,,,true
2619,21,"Hachijo island, Izu, Japan",33.34847,139.6864,,,,true
2232,21,"Haddock Channel, Grand Banks south of Newfoundland",44.6328,-54.4776,,,,true
3278,21,"Halfway rock, Northern Massachusetts",42.5,-70.766667,,,,true
2231,21,"Halibut Channel, Grand Banks south of Newfoundland",44.6373,-55.5643,,,,true
3109,21,"Halifax Bay, Australia",-18.81620145,146.3475919,,,,true
2711,21,"Halifax, Nova Scotia",44.64759191,-63.5691036,,,,true
2976,21,"Hanamaulu warehouse, Kauai",21.99489,-159.340922,,,,true
2879,21,"Hannibal Bank, Coiba Island, Gulf of Chiriquí, Panama ",7.436567,-82.07513,,,,true
2869,21,"Hao Atoll, Paumotu islands",-18.0660499,-140.8920258,,,,true
2319,21,"Harbour of Hadera, Israel",32.4704,34.8633,,,,true
3200,21,"Haul 39, NW Punta Alice, Ionian Sea",39.583333,16.875,,,,true
375,1,"Havana, Cuba",23.21193,-82.336305,"",2014-12-04 23:29:59 UTC,2014-12-04 23:29:59 UTC,true
2697,21,"Havana, Cuba, Caribbean Sea",23.11894866,-82.38837341,,,,true
2929,21,"Havelock Island, Andaman",12.05928,92.96989,,,,true
244,1,Hawaii,20.846946,-157.592354,"",2014-12-04 23:29:59 UTC,2016-01-08 18:30:04 UTC,true
611,1,Hawaii_1,21.466927,-157.810793,"",2017-07-23 12:15:25 UTC,2017-09-23 12:06:25 UTC,true
2285,21,"Hawaii Kai, Oahu, Hawaii",21.2851,157.7187,,,,true
627,1,"Hazard Bay, Orpheus Island",-18.617028,146.48485,"",2017-08-25 03:10:43 UTC,2017-08-25 03:10:43 UTC,true
2488,21,"Heard island, Sub-antarctic",-53.072408,73.469317,,,,true
2539,21,"Hengam Island, Persian Gulf",26.64305,55.878223,,,,true
586,1,"Heron_1, Heron Island",-23.46254,151.951045,"",2017-07-23 05:39:53 UTC,2017-09-23 11:20:39 UTC,true
587,1,"Heron_2, Heron Island",-23.45,151.916667,"",2017-07-23 05:40:22 UTC,2017-07-23 05:40:22 UTC,true
588,1,"Heron_3, Heron Island",-23.462528,151.951056,"",2017-07-23 05:40:47 UTC,2017-07-23 05:40:47 UTC,true
86,1,Heron Island,-23.44412778,151.9160528,"min_depth=3, max_depth=18, start_year=2005, end_year=2006, methodology=DGGE",2014-12-04 23:29:59 UTC,2014-12-04 23:29:59 UTC,true
386,1,"Hess Reef, St. Croix",7.68903,-64.753618,Krause Lagoon was formerly located here but was dredged and filled for the construction of the Hess oil refinery,2014-12-04 23:29:59 UTC,2014-12-04 23:29:59 UTC,true
2875,21,Hibernia Reef,-11.97404,123.3221,,,,true
549,1,"Hikkaduwa Nature Reserve, Sri Lanka",6.135434,80.092284,"Site estimated from Figure 1 in S.S. Jinendradasa1 and S.U.K. Ekaratne, 2000",2016-01-08 20:24:39 UTC,2016-01-08 20:24:39 UTC,true
447,1,"Hila, Ambon, Banda Sea",-3.5731,128.098,"",2015-07-29 14:32:57 UTC,2015-07-29 14:32:57 UTC,true
2387,21,"Hilo bay, Hawaii",19.7355,-155.076,,,,true
539,1,"Hilutangan Channel, Phillipines",10.277738,123.996869,"Hilutangan Channel off Hadsan, Mactan Island, Phillipines; listed as site in Pätzold 1984",2016-01-08 18:49:07 UTC,2016-01-08 18:49:07 UTC,true
2877,21,"Hin Lom Fang, off Pattaya, Chonburi Province, Thailand",12.80617,100.7058,,,,true
2388,21,"Hin Wong Bay, Koh Tao, Gulf of Thailand",10.1017,99.8509,,,,true
2460,21,"Hirudo Strait, Japan",35.08333,129.2667,,,,true
2593,21,"Hirudo Strait, Nagasaki, Japan",33.16667,129.3,,,,true
257,1,"Hoga, Wakatobi MNP, Tukand Besi ",-5.4717155,123.7724579,"",2014-12-04 23:29:59 UTC,2015-08-28 04:29:31 UTC,true
251,1,"Hoga, Wakatoni MNP, Tukand Besi Indo-Pacific",0.0,0.0,"",2014-12-04 23:29:59 UTC,2014-12-04 23:29:59 UTC,true
2396,21,"Hog Cay, Bahamas",23.61667,-75.35,,,,true
461,1,"Hoi Ha Wan, Hong Kong",22.4872,114.3281,"",2015-08-03 02:22:40 UTC,2015-08-03 02:22:40 UTC,true
640,1,"Hole_S.Santuary, Coral Bay, Ningaloo",-23.14949,113.771217,"",2017-08-25 10:24:36 UTC,2017-08-25 10:24:36 UTC,true
412,1,"Holmes Reef, Coral Sea",-16.243,147.874,"Holmes Reefs, western Coral Sea, Australia",2015-06-02 03:36:34 UTC,2015-06-02 03:36:34 UTC,true
3180,21,"Hon Gom Cape, Vietnam",12.657287,109.421286,,,,true
2284,21,"Honolulu Harbor, Hawaii",21.2993,-157.8958,,,,true
2446,21,"Honshu Island, Shizouka, Japan",34.66667,138.3333,,,,true
538,1,Hopkinson Reef,-18.551711,147.196168,"",2016-01-08 18:43:26 UTC,2016-01-08 18:43:26 UTC,true
3239,21,"Hormiga island, Cabo de Palos, W Mediterranean Sea",37.655703,-0.649061,,,,true
3228,21,"Hormigón, Cabo de Palos, Spain, W Mediterranean",37.652171,-0.653438,,,,true
492,1,"Hornos reef, Veracruz, Gulf of Mexico",19.190695,-96.118202,"",2015-08-27 04:16:07 UTC,2015-08-27 04:19:27 UTC,true
476,1,"Horseshoe, Lord Howe Island",-31.536274,159.062367,"",2015-08-10 09:13:44 UTC,2015-08-10 09:13:44 UTC,true
2563,21,"Houdaidzai, Penghu, Taiwan",23.36138,119.5394,,,,true
2723,21,"Houhora Harbour, New Zealand",-34.8216,173.1508,,,,true
3021,21,"Huon Marine Park, seamount Z9, south of Tasmania",-44.20167,147.3181,,,,true
2302,21,"Hurghada, Egypt, Red Sea",27.2869,33.6119,,,,true
238,1,Iguana I Panama Caribbean,0.0,0.0,"",2014-12-04 23:29:59 UTC,2014-12-04 23:29:59 UTC,true
547,1,Iki Island,33.7893,129.714434,"",2016-01-08 19:58:42 UTC,2016-01-08 19:58:42 UTC,true
3150,21,"Ile Grosse, Banyuls, Mediterranean",42.48195482,3.137007753,,,,true
2226,21,"Ilha da Cotinga, Brazil",-25.5208,-48.4772,,,,true
2789,21,"Ilha de Maraca, Brazil",2.668056,-48.05,,,,true
3067,21,"Ilha Grande Bay, Rio de Janeiro",-23.026,-44.501,,,,true
2245,21,"Ille Plane Exterior, Marseille, France",43.1865,5.3915,,,,true
2246,21,"Ille Plane Interior, Marseille, France",43.1866,5.3912,,,,true
2150,21,"Ille plane, Marseille, France",43.1878,5.3825,,,,true
2548,21,"Îlot Canard, New Caledonia",-22.312653,166.435562,,,,true
2068,21,"Imbuttu, Scandola NR, France",42.3735,8.5508,,,,true
2479,21,"Imma Island, Maldives",4.316667,73.56667,,,,true
2152,21,"Imperial du Milieu, Marseille, France",43.1713,5.3937,,,,true
3007,21,"Inaccessible Island, Tristan da Cunha, SubAntarc-tica",-37.2805,-12.75417,,,,true
409,1,Indo-Pacific (unspecified),0.0,160.0,"Indo-Pacific, exact location not specified",2015-06-02 02:04:44 UTC,2015-06-02 02:04:44 UTC,true
158,1,Inhaca Island,-26.01965,32.90298333,"min_depth=3, max_depth=3, start_year=0, end_year=0, methodology=DGGE",2014-12-04 23:29:59 UTC,2014-12-04 23:29:59 UTC,true
2373,21,"Interuniversity Institute for Marine Sciences in Eilat (IUI), Gulf of Aqaba",29.5,34.9167,,,,true
2961,21,"Introuvable Bank, Norfolk Ridge, New Caledonia",-24.66896,168.662,,,,true
3081,21,"Iquique, Chile",-20.2309475,-70.14091617,,,,true
2838,21,"Iriomote, Indabishi, Japan",24.42,123.4967,,,,true
2386,21,"Iriomote island, Japan",24.327,123.8373,,,,true
3188,21,"Isabel II island, Chafarinas islands, Morocco",35.183714,-2.4274,,,,true
170,1,Ishigaki Island,24.50255,124.362577,"min_depth=6, max_depth=14, start_year=0, end_year=0, methodology=Cloning",2014-12-04 23:29:59 UTC,2014-12-04 23:29:59 UTC,true
3264,21,"Isla Alcatraz, Venezuela, Caribbean Sea",10.510556,-67.971667,,,,true
497,1,"Isla Anegada de Dentro, Veracruz, Gulf of Mexico",19.225543,-96.053869,"",2015-08-27 04:33:08 UTC,2015-08-27 04:33:08 UTC,true
496,1,"Isla Anegada de Fuera, Veracruz, Gulf of Mexico",19.157857,-95.853261,"",2015-08-27 04:30:31 UTC,2015-08-27 04:30:31 UTC,true
495,1,"Isla Cabezo, Veracruz, Gulf of Mexico",19.074524,-95.835986,"",2015-08-27 04:27:11 UTC,2015-08-27 04:27:11 UTC,true
2752,21,"Isla Cedros, Baja California",28.21667,-115.1667,,,,true
494,1,"Isla Chopas, Veracruz, Gulf of Mexico",19.083317,-95.946582,"",2015-08-27 04:24:34 UTC,2015-08-27 04:24:34 UTC,true
2872,21,"Isla Chora, Bahia Samara, Costa Rica ",9.883333,-85.55,,,,true
338,1,"Isla Contadora, Panama",8.628206,-79.037533,"",2014-12-04 23:29:59 UTC,2014-12-04 23:29:59 UTC,true
2275,21,"Isla Coronado, Piedra blanca, Mexico",32.4169,-117.2603,,,,true
2270,21,"Isla Danzante, Mexico",25.7846,-111.2534,,,,true
2565,21,"Isla del Coco insular shelf, Pacific Ocean",5.578183,-87.05782,,,,true
2903,21,"Isla del Rey, Pearl Islands, Panama",8.390496511,-78.89724292,,,,true
491,1," Isla Enmedio, Veracruz, Mexican Caribbean",19.106108,-95.938601,"",2015-08-27 04:12:51 UTC,2015-08-27 04:12:51 UTC,true
2762,21,"Isla Flamenco, Golfo de Panama",8.909195644,-79.52022346,,,,true
493,1,"Isla Gallega, Veracruz, Gulf of Mexico",19.231123,-96.122881,"",2015-08-27 04:22:22 UTC,2015-08-27 04:22:22 UTC,true
2939,21,"Isla Grande, Tierra del Fuego",-53.8,-64.9,,,,true
2522,21,"Isla Laitec, Chile",-43.18294,-73.64089,,,,true
3012,21,"Isla Manuelita, Cocos island, Costa Rica",5.561200483,-87.04737074,,,,true
488,1,"Isla Pajaros, Veracruz, Mexican Caribbean",19.190167,-96.091934,"",2015-08-27 02:52:11 UTC,2015-08-27 02:52:11 UTC,true
490,1,"Isla Sacrificios, Veracruz, Mexican Caribbean",19.175854,-96.092398,"",2015-08-27 04:05:44 UTC,2015-08-27 04:05:44 UTC,true
2277,21,"Isla Salispuedes, Mexico",28.7284,-112.9574,,,,true
3029,21,"Isla San Gallán, Parque Nacional de Paracas, Perú",-13.815,-76.45444,,,,true
2767,21,"Isla San Jose, Archipielago Las Perlas, Panama",8.263113843,-79.11030012,,,,true
2569,21,"Islas Bridges, Beagle Channel, Tierra del Fuego",-54.86477,-68.24888,,,,true
2521,21,"Islas Diego Ramirez, Chile",-56.5,-68.75,,,,true
2731,21,"Islas Ladrones, Coiba National Park, Gulf of Chiriquí, Panama",7.86410397,-82.44087025,,,,true
109,1,Isla Socorro,18.690977,-110.891461,"min_depth=2, max_depth=10, start_year=2006, end_year=2008, methodology=DGGE",2014-12-04 23:29:59 UTC,2014-12-04 23:29:59 UTC,true
3084,21,"Islas Orcadas, cruise 575, sta. 90, South Georgia Island, sub-Antarctic",-54.84333,-37.39667,,,,true
3059,21,"Islas Orcadas, cruise 575, stn. 101, South Georgia",-54.235,-37.903,,,,true
2764,21,"Islas Tortugas, Golfo de Nicoya, Costa Rica",9.782739811,-84.88989567,,,,true
2274,21,"Isla Tortuga, Mexico",27.4378,-111.8963,,,,true
489,1,"Isla Verde, Veracruz, Mexican Caribbean",19.202901,-96.066584,"",2015-08-27 03:03:59 UTC,2015-08-27 03:03:59 UTC,true
2287,21,"Isle of Man, Irish Sea",54.2174,-4.5513,,,,true
2732,21,"Islote Frijoles South, Coiba National Park, Gulf of Chiriquí, Panama",7.633562,-81.706027,,,,true
2249,21,"Isuela Sud, Portofino, Italy",44.3814,9.3194,,,,true
596,1,"Itabaca Channel, Galapagos, Ecuador",-0.484522,-90.269275,"",2017-07-23 10:51:32 UTC,2017-09-23 10:32:54 UTC,true
3186,21,"Iwotorishima Island, Okinawa, Japan",27.869944,128.233833,,,,true
641,1,"Jackie, Lizard Island",-14.670606,145.462534,"",2017-08-25 10:32:44 UTC,2017-08-25 10:32:44 UTC,true
47,1,Jamaica,18.13265,-77.29588889,"min_depth=0, max_depth=0, start_year=0, end_year=0, methodology=DGGE",2014-12-04 23:29:59 UTC,2014-12-04 23:29:59 UTC,true
3263,21,"Japan, Pacific Ocean",34.97698602,134.6804315,,,,true
2065,21,"Jarre, Marseille, France",43.1912,5.3575,,,,true
2639,21,"Jeddah, Red Sea",21.49708361,39.16301765,,,,true
410,1,Jewell Reef,-14.379,145.345,"Jewell Reef, northern Great Barrier Reef",2015-06-02 02:21:23 UTC,2015-06-02 02:21:23 UTC,true
242,1,Jicaron I Panama Caribbean,0.0,0.0,"",2014-12-04 23:29:59 UTC,2014-12-04 23:29:59 UTC,true
2847,21,"Jogashima light, Kanagawa Pref. Japan",35.12333,139.56,,,,true
2132,21,"John Brewer Reef, GBR",-18.57,147.04,,,,true
535,1,"John Pennekamp Coral State Park, Florida",25.204996,-80.297975,"Location estimated from Figure 1 in Ghiold and Enos, 1982",2016-01-08 18:06:23 UTC,2016-01-18 01:21:08 UTC,true
123,1,Johnston Atoll,16.7473,-169.5093167,"min_depth=2, max_depth=4, start_year=2006, end_year=2006, methodology=Cloning",2014-12-04 23:29:59 UTC,2014-12-04 23:29:59 UTC,true
2700,21,"Josephine Bank, Atlantic Ocean",37.8,-14.01667,,,,true
2649,21,"Justin’s Caves, Oudekraal, South Africa",-33.98165,18.35983,,,,true
2283,21,"Kahe point, Oahu",21.353886,-158.1311,,,,true
258,1,"Kaledupa, Wakatobi MNP, Tukand Besi ",-5.5294699,123.7741746,"",2014-12-04 23:29:59 UTC,2015-08-28 04:30:26 UTC,true
252,1,"Kaledupa, Wakatoni MNP, Tukand Besi Indo-Pacific",0.0,0.0,"",2014-12-04 23:29:59 UTC,2014-12-04 23:29:59 UTC,true
2082,21,"Kalloni, Lesvos, Greece",39.076,26.0875,,,,true
613,1,"Kaneohe_Bay_1, Hawaii",21.433333,-157.75,"",2017-07-23 12:20:45 UTC,2017-07-23 12:20:45 UTC,true
614,1,"Kaneohe_Bay_2, Hawaii",21.444444,-156.230556,"",2017-07-23 12:22:06 UTC,2017-07-23 12:22:06 UTC,true
615,1,"Kaneohe_Bay_3, Hawaii",21.4375,-156.209167,"",2017-07-23 12:22:25 UTC,2017-07-23 12:22:25 UTC,true
194,1,"Kaneohe Bay, Oahu",21.464891,-157.803154,"",2014-12-04 23:29:59 UTC,2014-12-04 23:29:59 UTC,true
376,1,Kaohsiung,22.6333,120.2667,"",2014-12-04 23:29:59 UTC,2014-12-04 23:29:59 UTC,true
377,1,"Kaohsiung, Taiwan",22.6333,120.2667,"",2014-12-04 23:29:59 UTC,2014-12-04 23:29:59 UTC,true
2882,21,"Kapikan, Semporna Islands, Sabah, Malaysia",4.647383,118.8302,,,,true
450,1,"Kapoposan, South Sulawesi, Flores Sea",-4.6897,118.95,"",2015-07-29 20:43:36 UTC,2015-07-29 20:43:36 UTC,true
2330,21,"Kapp Norvegia, Weddell Sea",-71.12,-11.473333,,,,true
621,1,"Karimunjawa_1, Indonesia",-5.816667,110.4,"",2017-07-23 12:33:37 UTC,2017-07-23 12:33:37 UTC,true
223,1,Kavaratti atoll India Indo-Pacific,0.0,0.0,"",2014-12-04 23:29:59 UTC,2014-12-04 23:29:59 UTC,true
172,1,"Kavaratti lagoon, Lakshadweep Islands",10.565,72.631,"10.5700° N, 72.6200",2014-12-04 23:29:59 UTC,2014-12-04 23:29:59 UTC,true
453,1,"Kayangan, South Sulawesi, Flores Sea",-5.0816,119.4205,"",2015-07-29 20:59:12 UTC,2015-07-29 20:59:12 UTC,true
2616,21,"Kei islands, Flores, Indonesia",-5.608333,132.92,,,,true
2742,21,"Kelvin Seamount, New England",38.77942,-63.96242,,,,true
3072,21,"Kelvin Seamount, Station 403-2, Northwest Atlantic",38.7791,-63.96283,,,,true
2476,21,"Kenia Coast, Indian Ocean",-2.7,40.88333,,,,true
2364,21,"Kenting National Park, Nanwan, Taiwan",21.9477,120.7796,,,,true
2596,21,"Kerama islands, Okinawa, Japan",26.15917,127.4475,,,,true
3058,21,"Kerguelen Island, Southern Ocean",-48.87,70.02,,,,true
2744,21,"Kermadec Ridge, Pacific Ocean",-30.05,179.0833,,,,true
509,1,"Key Largo, Florida Keys, USA",25.061513,-80.413342,"",2015-10-02 07:11:22 UTC,2015-10-02 07:11:22 UTC,true
164,1,"Key West Harbor, Florida Keys",24.653754,-81.749814,"min_depth=0, max_depth=0, start_year=2003, end_year=2003, methodology=DGGE",2014-12-04 23:29:59 UTC,2014-12-04 23:29:59 UTC,true
2973,21,"Kicker rock, Galapagos islands, Ecuador",-0.777341971,-89.51922211,,,,true
2935,21,"King George island, South Shetland islands, off Antarctic peninsula",-62.31217,-58.5595,,,,true
2439,21,"Klein-kei Nuhu, Red Sea",-5.811155,132.732933,,,,true
2177,21,"Kobet Hwé, La Marsa, Tunisia",37.4678,10.5825,,,,true
211,1,"Ko Bon, Thailand",7.756921,98.332128,"",2014-12-04 23:29:59 UTC,2014-12-04 23:29:59 UTC,true
2819,21,"Kocebu Guyot, Magellan Seamount chain",17.4,153.3,,,,true
600,1,"Kochi, Otsuki",32.766667,132.733333,"",2017-07-23 11:10:48 UTC,2017-07-23 11:10:48 UTC,true
219,1,Koh Bon South Thailand Indo-Pacific,0.0,0.0,"",2014-12-04 23:29:59 UTC,2014-12-04 23:29:59 UTC,true
2927,21,"Koh Doc Mai, Thailand",7.796,98.53483,,,,true
220,1,Koh Hae South Thailand Indo-Pacific,0.0,0.0,"",2014-12-04 23:29:59 UTC,2014-12-04 23:29:59 UTC,true
209,1,"Ko Hi, Thailand",7.747313,98.376072,"",2014-12-04 23:29:59 UTC,2014-12-04 23:29:59 UTC,true
214,1,Koh Lon South Thailand Indo-Pacific,0.0,0.0,"",2014-12-04 23:29:59 UTC,2014-12-04 23:29:59 UTC,true
221,1,Koh Racha Yai South Thailand Indo-Pacific,0.0,0.0,"",2014-12-04 23:29:59 UTC,2014-12-04 23:29:59 UTC,true
2878,21,"Koh Rin, off Pattaya, Chonburi Province, Thailand",12.79067,100.703,,,,true
2425,21,"Kökö Guyot, Emperor Seamounts, North Pacific",35.6217,171.3167,,,,true
204,1,"Ko Lon, Thailand",7.787684,98.371868,"",2014-12-04 23:29:59 UTC,2014-12-04 23:29:59 UTC,true
213,1,"Ko Miang, Thailand",8.567854,97.637165,"",2014-12-04 23:29:59 UTC,2014-12-04 23:29:59 UTC,true
217,1,"Ko Phi Phi, Thailand",7.74908,98.778232,"",2014-12-04 23:29:59 UTC,2014-12-04 23:29:59 UTC,true
270,1,"Ko Phi Phi, Thailand ",0.0,0.0,"",2014-12-04 23:29:59 UTC,2014-12-04 23:29:59 UTC,true
207,1,"Ko Phi Phi, Thailand Indo-Pacific",0.0,0.0,"",2014-12-04 23:29:59 UTC,2014-12-04 23:29:59 UTC,true
471,1,"Ko Phuket, Thailand",7.7991,98.4087,"",2015-08-04 02:48:00 UTC,2015-08-04 02:48:00 UTC,true
212,1,"Ko Racha Yai, Thailand",7.606271,98.366349,"",2014-12-04 23:29:59 UTC,2014-12-04 23:29:59 UTC,true
2327,21,"korbiski reef, San Blas Islands, Panama",9.55,-78.8667,,,,true
2467,21,"Koror/Babeldaob channel, Palau",7.419167,134.5052,,,,true
373,1,"Koror, Palau",7.338495,134.465898,Palao Tropical Biological Station,2014-12-04 23:29:59 UTC,2014-12-04 23:29:59 UTC,true
2313,21,"Korror Island, Palaos",7.3429,134.4979,,,,true
3044,21,"Koumac reef, New Caledonia",-20.56667,164.0833,,,,true
2625,21,"Kudingareng, Spermonde Archipelago, Sulawesi, Indonesia",-5.1,119.2833,,,,true
2811,21,"Kurile islands, Sea of Okhotsk",46.77806,155.9231,,,,true
169,1,Kuroshima Island,24.224182,123.985949,"min_depth=6, max_depth=14, start_year=0, end_year=0, methodology=Cloning",2014-12-04 23:29:59 UTC,2014-12-04 23:29:59 UTC,true
598,1,"Kushimoto, Japan",33.366667,135.783333,"",2017-07-23 11:02:07 UTC,2017-09-23 09:44:35 UTC,true
2846,21,"Kushimoto, Kii-oshima island, Japan",33.47417,135.8028,,,,true
399,1,"Kushimoto‐Shirahama, Japan",33.505328,135.630819,"",2015-05-05 01:51:06 UTC,2015-05-05 01:51:06 UTC,true
2370,21,"Kusu Island, Singapore",1.2247,103.8612,,,,true
2540,21,Kuwait coast,29.041462,48.142466,,,,true
2566,21,", Kwazulu-Natal, Park Rynie, South Africa",-30.28103,30.80925,,,,true
2377,21,"La Bocana Chica, Quintana Roo, Mexico",20.8667,-86.8333,,,,true
3027,21,"La Botella, Floreana Island, Galápagos Islands",-1.2927,-90.4444,,,,true
2297,21,Labrador Sea and the Arctic,59.5103,-53.9318,,,,true
2180,21,"La Cathédrale, Zembra, Tunisia",37.1553,10.8708,,,,true
2162,21,"Lagos-Portimão area, Portugal",37.0376,-8.6898,,,,true
2405,21,"La Guajira, Colombia, Caribbean",12.479099,-71.620635,,,,true
456,1,"Lagun Marican, Karimunjawa Islands, Java",-5.8186,110.4361,"",2015-07-29 21:36:14 UTC,2015-07-29 21:38:22 UTC,true
2435,21,"Laing Island, Bismarck Sea",-4.173135,144.873364,,,,true
2005,21,"La Jolla, California",32.8347,-117.296,,,,true
2050,21,"La Montagna, Reggio Calabria, Italy",38.25,15.7217,,,,true
2749,21,"Langara Island, British Columbia, Canada",54.23449514,-133.0175202,,,,true
430,1,"La Parguera, Puerto Rico ",17.937626,-67.048164,"",2015-06-29 04:03:00 UTC,2015-06-29 04:03:00 UTC,true
3025,21,"La Parguera, Puerto Rico, Caribbean Sea",17.9734,-67.0455,,,,true
3028,21,"La Paz, Baja California Sur, Mexico",24.1414,-110.3021,,,,true
85,1,La Paz Bay,24.25,-110.3333333,"min_depth=3, max_depth=3, start_year=1998, end_year=2001, methodology=DGGE",2014-12-04 23:29:59 UTC,2014-12-04 23:29:59 UTC,true
2706,21,"La Plata River, Puerto Rico",18.47687691,-66.25508223,,,,true
2538,21,"Larak Island, Persian Gulf",26.88761,56.39357,,,,true
3231,21,"La Reparada, Cap de Creus, NW Mediterranean",42.278565,3.294911,,,,true
189,1,La Reunion,-21.125885,55.52236,"",2014-12-04 23:29:59 UTC,2014-12-04 23:29:59 UTC,true
2452,21,"Larike, Ambon, Banda Sea",-3.75,127.9333,,,,true
2971,21,"Las Cuevas, San Benedicto, Revillagigedo Archipelago",19.29834,-110.8045,,,,true
2351,21,"La Spezia, Ligurian Sea ",44.0491,9.8777,,,,true
3185,21,"Laurentian Channel and 
southern Grand Banks, Eastern Canada, NW Atlantic Ocean",47.14216372,-59.97442371,,,,true
2376,21,"Lavéra, Côte Bleue, France",43.381,4.9988,,,,true
2371,21,"Lazarus island, Singapore",1.2178,103.8587,,,,true
159,1,Leadman's Shoal,-27.50348333,32.61236667,"min_depth=12, max_depth=25, start_year=0, end_year=0, methodology=DGGE",2014-12-04 23:29:59 UTC,2014-12-04 23:29:59 UTC,true
56,1,Lee Stocking Island,23.76725556,-76.09464167,"min_depth=4, max_depth=4, start_year=1998, end_year=1999, methodology=DGGE",2014-12-04 23:29:59 UTC,2014-12-04 23:29:59 UTC,true
2077,21,"Lefteris, Pelio, Greece",39.1385,23.3398,,,,true
2053,21,"Leghorn, Italy",43.5,10.3333,,,,true
2169,21,"Leidashi, Taiwan",21.9315,120.7447,,,,true
2874,21,"Lenca, Chile",-41.6383,-72.6694,,,,true
2174,21,"Les chiens, La Galite, Tunisia",37.5889,8.9931,,,,true
2168,21,"Les Gorêts, Île Longue, Gulf of Morbihan",47.5678,-2.9092,,,,true
2437,21,"Lifu, Loyalty Islands, New Caledonia",-20.972409,167.220025,,,,true
3162,21,"Liouciou Islet, southwestern Taiwan",22.276,120.101,,,,true
2337,21,"Lismore Island, Loch Linnhe, Scotland",56.5338,5.4543,,,,true
2023,21,Little Bahama banks,27.0167,-79.3667,,,,true
418,1,Little Broadhurst Reef,-18.955115,147.6938494,"",2015-06-05 05:19:22 UTC,2015-06-05 05:19:22 UTC,true
66,1,"Little Grecian Reef, Florida Keys",25.1188,-80.3016,"min_depth=3, max_depth=4, start_year=2003, end_year=2005, methodology=DGGE",2014-12-04 23:29:59 UTC,2014-12-04 23:29:59 UTC,true
639,1,"Little Pioneer Bay_N.shore, Orpheus Island",-18.59846,146.49241,"",2017-08-25 04:49:15 UTC,2017-09-23 12:44:30 UTC,true
576,1,"Little Pioneer Bay, Orpheus Island",-18.611175,146.486647,"",2017-07-23 04:41:31 UTC,2017-07-23 04:41:31 UTC,true
637,1,"Little Pioneer Bay Point, Orpheus Island",-18.601722,146.488639,"",2017-08-25 04:36:30 UTC,2017-08-25 04:36:30 UTC,true
2400,21,"Little San Salvador, Bahamas",24.58333,-75.96667,,,,true
3290,21,"Livingston Island, South Shetland islands, Scotia Sea",-62.589155,-60.295807,,,,true
3274,21,"Livorno, Calafuria, Italy, Mediterranean Sea",43.5,10.333333,,,,true
178,1,Lizard Island,-14.6689,145.4594,"",2014-12-04 23:29:59 UTC,2014-12-04 23:29:59 UTC,true
577,1,"Lizard Island_1, Lizard Island",-14.66285,145.455403,"",2017-07-23 04:48:43 UTC,2017-07-23 04:48:43 UTC,true
2883,21,"Llandudno, Cape Peninsula, South Africa",-34.01667,18.33333,,,,true
371,1,"Loggerhead Key, Florida",24.635322,-82.919485,"",2014-12-04 23:29:59 UTC,2014-12-04 23:29:59 UTC,true
2267,21,"Long island, Central GBR",-20.3655,148.855,,,,true
2575,21,"Long Reef, northern Kimberley, NW Australia",-13.88867,125.74942,,,,true
524,1,Lord Howe Island,-31.534584,159.075151,"",2015-12-17 01:13:20 UTC,2015-12-17 01:13:20 UTC,true
563,1,"Lord Howe Island (Horseshoe Reef), Australia",-31.5425,159.06183,Site_ID=76,,,true
564,1,"Lord Howe Island (Jetty Hole), Australia",-31.5263611111111,159.050716666667,Site_ID=425,,,true
565,1,"Lord Howe Island (Jetty_left), Australia",-31.5262333333333,159.048755555556,Site_ID=305,,,true
567,1,"Lord Howe Island (North Bay), Australia",-31.521413,159.046821,Site_ID=130,,,true
2815,21,"Los Ahorcados, Manabi, Ecuador",1.678889,-80.83556,,,,true
2945,21,"Los Frailes, Baja California sur, México",23.37337504,-109.431659,,,,true
2428,21,"Lough Hyne Marine Reserve, South-West Ireland, Atlantic Ocean",51.498056,-9.29871,,,,true
2852,21,lower continental slope off northwestern Ecuador,1.116667,-81.06667,,,,true
504,1,Lower Florida Keys,24.56601,-81.449878,"",2015-09-28 01:17:03 UTC,2015-09-28 01:17:03 UTC,true
540,1,"Low Isles, Queensland, Australia",-16.385932,145.562259,"",2016-01-08 18:55:40 UTC,2016-01-08 18:55:40 UTC,true
2964,21,"Loyalty Ridge, New Caledonia",-22.28833,169.02,,,,true
2187,21,"Lucero, Bolinao, Philippines",16.2441,119.542,,,,true
3242,21,"Lun, Croatia, Mediterranean Sea",44.704167,14.733889,,,,true
380,1,"M1, Discovery Bay, Jamaica",18.472283,-77.40875,"",2014-12-04 23:29:59 UTC,2014-12-04 23:29:59 UTC,true
2988,21,"M6 seamount at the station FX-Dive 219, Caroline islands",10.113,140.2422,,,,true
2623,21,"Mabul Island, Malaysia",4.245246,118.63118,,,,true
3047,21,Macquarie island,-56.35,158.4667,,,,true
3057,21,"Macquarie Ridge, south of Macquarie Island, Southern Ocean, NIWA RV Tangaroa, stn. 103",-56.287,158.447,,,,true
3052,21,"Macquarie Ridge, south west of New Zealand, Southern Ocean, NIWA RV Tangaroa, stn. 38",-50.097,163.474,,,,true
3171,21,"Madagascar plateau, Indian Ocean",-33.2,43.97,,,,true
2955,21,"Madeira, Atlantic Ocean",32.75278119,-17.02220796,,,,true
2407,21,"Magdalena, Colombia, Caribbean",11.280852,-74.196131,,,,true
253,1,Magnetic Island ,-19.132681,146.842918,"",2014-12-04 23:29:59 UTC,2014-12-04 23:29:59 UTC,true
262,1,"Mahahual, Mexico",18.718244,-87.707732,"",2014-12-04 23:29:59 UTC,2014-12-04 23:29:59 UTC,true
3060,21,"Main Pedra seamount, west of Huon Commonwealth Marine Reserve (CMR), SW Tasman Sea, Australia, CSIRO RV Southern Surveyor, stn. 23",-44.263,147.095,,,,true
470,1,"Main Terrace reefs, Bermuda Island",32.4681,-64.8018,"",2015-08-03 05:58:55 UTC,2015-08-03 06:01:03 UTC,true
2059,21,"Maire island, Marseille, France",43.2104,5.3412,,,,true
2123,21,"Makapuu deep sea bed, Hawaii",21.3162,-157.6495,,,,true
339,1,Maldives,2.438229,73.212891,"",2014-12-04 23:29:59 UTC,2014-12-04 23:29:59 UTC,true
2477,21,"Male Atoll, Maldives",4.55,73.56667,,,,true
3271,21," Malpelo, Colombia, Tropical Eastern Pacific",3.975,-81.58,,,,true
3152,21,"Maltese islands, Mediterranean",35.90452618,14.42090792,,,,true
2932,21,"Manabí, Ecuador",-0.368349,-80.463759,,,,true
3245,21,"Mana, Croatia, Mediterranean Sea",43.800278,15.266389,,,,true
2071,21,"Mana, Kornati, Croatia",43.8002,15.2598,,,,true
2722,21,"Manawatāwhi, New Zealand",-34.1759,172.04949,,,,true
2280,21,"Manazuru Marine Biological laboratory, Japan",35.1493,139.148,,,,true
391,1,"Manchenil Bay, St. Croix",17.699765,-64.704354,"",2014-12-04 23:29:59 UTC,2014-12-04 23:29:59 UTC,true
2871,21,"Mangamaripeta, Visakhapatnam ",17.85093,83.41401,,,,true
484,1,"Mangrove Beach patch, Lizard Island",-14.682231,145.455161,Cath Lovelock site,2015-08-25 05:38:54 UTC,2015-08-25 05:38:54 UTC,true
607,1,"Man_Islands_1, Thailand",12.616667,101.7,"",2017-07-23 11:32:19 UTC,2017-07-23 11:32:19 UTC,true
2715,21,Manning Bight,38.2,-61.1,,,,true
2917,21,"Manukan, Manukan Island, Kota Kinabalu, Sabah, Malaysia",5.979472,116.0029,,,,true
2727,21,"Manukau Harbour, Auckland, New Zealand",-37.0319,174.6507,,,,true
2898,21,"Marble Rock, Mergui Archipelago, Myanmar, Andaman Sea",11.55092459,98.31696704,,,,true
2739,21,"Mar de la Plata, Buenos Aires, Argentina",-39.0,-57.16667,,,,true
2910,21,"Mar del Plata Submarine Canyon, “Talud Continental III”",-38.03188,-53.65447,,,,true
2763,21,"Margarita Bay, Cape San Lucas",22.895486,-109.881255,,,,true
2862,21,"Marguerite Bay, Antarctica",-68.4996218,-68.50025752,,,,true
2134,21,"Maria Island, Tasmania",-42.66,147.99,,,,true
2857,21,"María Magdalena Island, Islas Marías, Mexico",21.42112,-106.415,,,,true
2156,21,"Marine Reserve Carry-le-Rouet, France",43.3266,5.161,,,,true
3106,21,Marsa Abu Zabab,25.33779985,34.73799699,,,,true
2843,21,"Marsa Murach, Gulf of Eilat, Red Sea",29.42623,34.83624,,,,true
2158,21,"Marseille, France",43.1767,5.3753,,,,true
2703,21,"Martinique, Caribbean Sea",14.65053392,-61.04307927,,,,true
2222,21,Maryland,38.22,-74.93,,,,true
3221,21,"Massa d´or, Cap de Creus, NW Mediterranean",42.32211,3.330802,,,,true
2248,21,Massa d'oros,42.3155,3.3337,,,,true
84,1,Mast Head Reef,-23.541077,151.740726,"min_depth=2, max_depth=4, start_year=2002, end_year=2002, methodology=DGGE",2014-12-04 23:29:59 UTC,2014-12-04 23:29:59 UTC,true
2810,21,"Matua Island, Kurile Islands, Sea of Okhotsk",48.01667,153.3672,,,,true
2658,21,"Matua island, Russia",48.08975387,153.2128687,,,,true
407,1,Maui,20.779,-156.282,Main Hawaiian Islands,2015-05-27 06:25:28 UTC,2015-05-27 06:25:28 UTC,true
2958,21,"Maui island, Hawaii (RV Albatross, Hawaiian Explorations, St. 4100)",21.0917,-156.675,,,,true
2956,21,Mauritius,-20.35113461,57.50957538,,,,true
3091,21,"Mawiliwili, Kaua’i Island, Hawaii, North Pacific Ocean",21.94028,-159.3611,,,,true
2411,21,"Maxfield Bank, Vietnam, South China Sea",16.11667,114.7833,,,,true
2505,21,"Mayu Island, Moluccan Sea",1.328317,126.4188,,,,true
2943,21,"Mbashe river mouth, Transkei coast, South Africa",-32.33333,29.15,,,,true
3045,21,"Mbere reef, New Caledonia",-28.30194,166.185,,,,true
2894,21,"McMurdo Sound, Antarctica",-77.56667,166.65,,,,true
3223,21,"Medallot, Medes islands, NW Mediterranean",42.051745,3.221909,,,,true
2051,21,"Medes Islands, Spain ",42.0425,3.2194,,,,true
2007,21,"Media Luna Reef, Puerto Rico",17.93488,-67.04885,,,,true
3270,21,Mediterranean Sea,,,,,,true
2383,21,"Mejean, France, Mediterranean Sea",43.3315,5.2143,,,,true
2355,21,"Menorca channel, Mediterranean Sea",39.9154,3.6874,,,,true
2936,21,"Menorca Channel, North Western Mediterranean",39.8,4.1488,,,,true
2381,21,"Menorca island, Spain, Mediterranean Sea",39.9497,4.1,,,,true
3280,21,"Mera coast, Suruga bay, Central Japan, Pacific Ocean",34.641815,138.776363,,,,true
2529,21,"Mercherchar Island, Koror, Palau",7.181472,134.3607,,,,true
486,1,"Mermaid Cove, Lizard Island",-14.647588,145.454142,Cath Lovelock site,2015-08-25 05:39:44 UTC,2015-08-25 05:39:44 UTC,true
2273,21,"Mexico, Eastern Pacific",16.78,-99.11,,,,true
2814,21,"Mgazi River Mouth, Transkei, South Africa",-31.73167,29.53667,,,,true
573,1,Miall		,-23.154023,150.903211,"Reef fringing Miall Island, Keppel Island group, Southern GBR",2017-03-06 08:58:53 UTC,2017-03-06 08:58:53 UTC,true
2513,21,Mid Atlantic Ridge,36.53333,-33.4,,,,true
2085,21,"Middle Arm of Kelp Bay, Chatham Strait, Alaska",57.3336,-134.9622,,,,true
505,1,Middle Florida Keys,24.8088,-80.768277,"",2015-09-28 01:18:03 UTC,2015-09-28 01:18:03 UTC,true
415,1,Middle Reef,-19.1977896,146.8145028,"",2015-06-05 04:35:32 UTC,2015-06-05 04:35:32 UTC,true
2963,21,"Mid-Pacific Seamounts, Pacific Ocean",13.45667,-173.4483,,,,true
2918,21,"Mid Reef, east of Manukan Island, Kota Kinabalu, Sabah, Malaysia",5.976611,116.0145,,,,true
3282,21,"Midway, Pacific Ocean",24.059722,-166.615556,,,,true
2498,21,"Mililat, Papua New Guinea",-5.111832838,145.7994788,,,,true
2668,21,"Milln reef, Queensland, Great Barrier Reef",-16.76649541,146.2732385,,,,true
3157,21,"Mina, Colombian Pacific",6.68663,-77.54933,,,,true
2591,21,"Misaki, Japan",34.30374801,135.1523128,,,,true
2487,21,"Mkandya Reef, Tanzania",-6.833332,39.28332,,,,true
513,1,Mljet Island,42.716964,17.533033,"",2015-11-03 06:49:16 UTC,2015-11-03 06:49:16 UTC,true
507,1,"Molasses Reef, Florida Keys",25.078228,-80.352296,"",2015-09-28 01:20:53 UTC,2015-09-28 01:20:53 UTC,true
3016,21,"Molokai channel, Hawaiian islands",21.03889,-156.7722,,,,true
622,1,"Molokini, Hawaii",20.633333,-156.5,"",2017-07-23 12:34:28 UTC,2017-07-23 12:34:28 UTC,true
472,1,"Mombasa, Kenya",-4.054685,39.721804,"",2015-08-06 05:05:31 UTC,2015-08-06 05:05:31 UTC,true
2192,21,"Monterey Bay, California",36.5808,-121.9948,,,,true
2243,21,"Montgri, Catalonia, Spain",42.0989,3.2142,,,,true
3214,21,"Montrémian, Port Cros, France, NW Mediterranean Sea",43.01597,6.362724,,,,true
2613,21,"Montserrat, Barbados",16.72929292,-62.17932752,,,,true
592,1,"Moorea_2, French Polynesia",-17.5,-149.833333,"",2017-07-23 10:25:37 UTC,2017-09-23 11:07:18 UTC,true
188,1,"Moorea, French Polynesia",-17.53144,-149.831543,"",2014-12-04 23:29:59 UTC,2014-12-04 23:29:59 UTC,true
634,1,Moore_Reef_1,-16.874853,146.240467,"",2017-08-25 04:23:12 UTC,2017-08-25 04:23:12 UTC,true
544,1,"Moreton Bay, Australia",-27.348155,153.287317,"",2016-01-08 19:40:38 UTC,2016-01-08 19:40:38 UTC,true
417,1,Morinda Shoal,-19.0687456,147.400622,"",2015-06-05 04:57:15 UTC,2015-06-05 04:57:15 UTC,true
2628,21,"Moscos islands, Mergui Archipelago, Thailand",14.119221,97.80561,,,,true
3229,21,"Mosquito, Cabo de Palos, Spain, W Mediterranean",37.63603,-0.689987,,,,true
2860,21,"Mound 12, off Costa Rica",8.93075,-84.3128,,,,true
2241,21,"Moyade exterior, Marseill, France",43.177,5.3721,,,,true
2242,21,"Moyade interior, Marseille, France",43.1772,5.3723,,,,true
2482,21,"Mozambique coast, Indian Ocean",-24.81667,35.21667,,,,true
2464,21,"Muiron Island, Exmouth Gulf, Australia",-21.63217,114.3932,,,,true
3246,21,"Mulo, Croatia, Mediterranean Sea",43.513333,15.918611,,,,true
2583,21,"Munday Island, Bathurst Channel, Port Davey, Tasmania, Australia",-43.32890019,146.0105826,,,,true
2306,21,"Munseom, Jeju island, Korea",33.3667,126.55,,,,true
2597,21,"Mutsu Bay, Japan",41.091307,141.083993,,,,true
406,1,Myrmidon Reef,-18.266,147.389,central Great Barrier Reef,2015-05-27 06:22:03 UTC,2015-05-27 06:22:03 UTC,true
542,1,"Na'ama Bay, Egypt",27.91066,34.332476,"",2016-01-08 19:12:46 UTC,2016-01-08 19:12:46 UTC,true
2602,21,"Nagasaki, Japan",32.36667,128.7,,,,true
2599,21,"Nakagusuku Bay, Okinawa Prefecture, Japan",26.262418,127.856896,,,,true
3176,21,"Namzu archipielago, Vietnam",10.261766,103.995816,,,,true
2705,21,"Nantucket shoals, Atlantic Ocean",41.19226605,-70.79378761,,,,true
612,1,"Nanwan_Bay_1, Taiwan",21.916667,120.75,"",2017-07-23 12:18:53 UTC,2017-07-23 12:18:53 UTC,true
616,1,"Nanwan_Bay_2, Taiwan",21.916667,120.983333,"",2017-07-23 12:25:45 UTC,2017-07-23 12:25:45 UTC,true
3026,21,"Nanwan Bay,“Sea Mount”, southern Taiwan ",21.91667,120.75,,,,true
2303,21,"Nanwan Bay, Taiwan",22.1806,120.9253,,,,true
2806,21,Nashville Seamount ,34.57917,-56.84117,,,,true
3075,21,"Nashville Seamount, Station NAS 208-1, Northwest Atlantic",34.476,-56.733,,,,true
2842,21,"Near Solar pond, Gulf of Eilat, Red Sea",29.42901,34.83064,,,,true
2022,21,"NE Channel, Canada ",41.9764,-65.6388,,,,true
3285,21,"Necker island, British Virgin islands, Caribbean",18.52711653,-64.35820401,,,,true
566,1,"Neds (Neds Beach), Australia",-31.5633333333333,159.074077777778,Site_ID=126,,,true
3298,21,"Needham point lighthouse, Barbados",13.076319,-59.618566,,,,true
2016,21,"Neguanje, Santa Marta, Colombia",11.3191,-74.0822,,,,true
183,1,"Nelly Bay, Magnetic Island",-19.1333,146.8333,"",2014-12-04 23:29:59 UTC,2014-12-04 23:29:59 UTC,true
2080,21,"Nemesis, Chalkidiki, Greece",39.941,23.985,,,,true
2660,21,"NE of Islands of Four Mountains, Aleutian Islands, Bering Sea",53.1945,169.6845,,,,true
3209,21,"NE of Sardinia, Mediterranean Sea",40.879472,9.588155,,,,true
638,1,NE_Orpheus,-18.574957,146.493934,"",2017-08-25 04:39:58 UTC,2017-08-25 04:39:58 UTC,true
3292,21,"New Caledonia, Tropical Southwerstern Pacific",-21.154821,165.15958,,,,true
2717,21,"Newcastle Bight, New South Wales, Australia ",-32.798159,151.99661,,,,true
2296,21,Newfoundland and Labrador and the Arctic,59.5102,-53.9319,,,,true
2298,21,"Newfoundland and Labrador, Canada",53.8633,-57.6666,,,,true
2029,21,Newfoundland and Labrador Site 1,65.131,-58.452,,,,true
2038,21,Newfoundland and Labrador Site 10,61.202,-61.378,,,,true
2039,21,Newfoundland and Labrador Site 11,60.323,-62.149,,,,true
2040,21,Newfoundland and Labrador Site 12,62.161,-61.537,,,,true
2041,21,Newfoundland and Labrador Site 13,61.35,-60.683,,,,true
2030,21,Newfoundland and Labrador Site 2,44.8327,-54.4688,,,,true
2031,21,Newfoundland and Labrador Site 3,61.6,-60.383,,,,true
2032,21,Newfoundland and Labrador Site 4,44.133,-52.933,,,,true
2035,21,Newfoundland and Labrador Site 7,60.498,-61.395,,,,true
2036,21,Newfoundland and Labrador Site 8,60.176,-61.79,,,,true
2037,21,Newfoundland and Labrador Site 9,61.488,-61.819,,,,true
383,1,"New Reef, Discovery Bay, Jamaica",18.471551,-77.410897,Location described in Crabbe (2010) Mar Env Res.,2014-12-04 23:29:59 UTC,2014-12-04 23:29:59 UTC,true
2415,21,"New South Wales Coast, Australia",-34.101502,151.078185,,,,true
2466,21,"New Year Island, Arafura Sea",-10.91328654,133.0334988,,,,true
2026,21,New Zealand,-44.459,172.3461,,,,true
2531,21,"Ngaregabal Reef, Babeldaob, Koror, Palau",7.414,134.4439,,,,true
2532,21,"Ngemelis reef, Koror, Palau",7.113556,134.2601,,,,true
2542,21,"Nha Trang Bay,  Cau Island, Vietnam, South China Sea",12.2775,109.3733,,,,true
2543,21,"Nha Trang Bay,  Mot Island, Vietnam, South China Sea",12.175,109.2842,,,,true
2546,21,"Nha Trang Bay,  Mun Island, Vietnam, South China Sea",12.16167,109.3017,,,,true
2545,21,"Nha Trang Bay,  Tre Island, Vietnam, South China Sea",12.17817,109.2983,,,,true
2544,21,"Nha Trang Bay,  Vung Island, Vietnam, South China Sea",12.265,109.3617,,,,true
2998,21,"Nine-mile Reef, Sodwana bay, South Africa",-27.42896,32.72904,,,,true
160,1,"Nine-mile Reef, South Africa",-27.42238333,32.7221,"min_depth=13, max_depth=13, start_year=0, end_year=0, methodology=DGGE",2014-12-04 23:29:59 UTC,2014-12-04 23:29:59 UTC,true
131,1,Ningaloo,-23.097835,113.624526,"min_depth=0, max_depth=7, start_year=2005, end_year=2005, methodology=DGGE",2014-12-04 23:29:59 UTC,2014-12-04 23:29:59 UTC,true
3066,21,"Ningaloo Reef, Western Australia, Australia",-22.77661,113.696432,,,,true
2570,21,"Nok Island, Nha Trang Bay, South China Sea",12.1915,109.3427,,,,true
477,1,No location record,,,Used for when there is no reference to a location. Please avoid using unless absolutely necessary.,2015-08-11 22:29:03 UTC,2015-08-11 22:37:26 UTC,true
2951,21,"Norfolk Canyon, Atlantic Ocean",36.8993,-74.4586,,,,true
584,1,"North_and_NorthWest_Solitary Islands, Solitary Islands",-30.1,153.333333,"",2017-07-23 05:34:14 UTC,2017-07-23 05:34:14 UTC,true
5,1,"North Bay, Lord Howe Island",-31.52,159.045,"",2014-12-04 23:29:59 UTC,2014-12-04 23:29:59 UTC,true
2721,21,"North Cape, New Zealand",-34.357,172.885,,,,true
2441,21,North China Sea,38.541181,119.495896,,,,true
3302,21,North coast of Hispaniola,19.509722,-69.345833,,,,true
3020,21,"North-east approach to channel between Maui and Molokai, Hawaiian Islands",21.37917,-156.3611,,,,true
520,1,North East Atlantic,55.779224,-11.142688,"",2015-11-10 05:43:21 UTC,2015-11-10 05:43:21 UTC,true
2850,21,"northeast coast of Santa Cruz, Galápagos",-0.4959167,-90.233,,,,true
2750,21,"Northern California, Pacific Ocean",38.568177,-123.243559,,,,true
3206,21,"Northern Cap de Creus, Costa Brava, NW Mediterranean",42.333611,3.275,,,,true
2266,21,Northern Great Barrier Reef,-14.7975,146.8213,,,,true
556,1,Northern Gulf of Mexico,28.695786,-89.947446,"",2016-01-09 14:54:02 UTC,2016-01-09 14:54:02 UTC,true
2215,21,"Northern Gulf of Mexico, MC294",28.6722,-88.4765,,,,true
2216,21,"Northern Gulf of Mexico, MC297",28.6825,-88.345,,,,true
2217,21,"Northern Gulf of Mexico, MC344",28.6337,-88.1698,,,,true
2356,21,Northern Marmara Sea,41.0097,28.1474,,,,true
2536,21,"North Ninepin reef, Pak Kwo Chau, Hong Kong",22.273,114.348,,,,true
64,1,"North Norman's Patch, Exuma Cays",23.7912,-76.1368,"min_depth=2, max_depth=4, start_year=2003, end_year=2005, methodology=DGGE",2014-12-04 23:29:59 UTC,2014-12-04 23:29:59 UTC,true
3301,21,North of Albatross Bank between Jamaica and Haiti,17.734722,-75.65,,,,true
2689,21,"North of Bahia, Brazil",-11.81667,-37.25,,,,true
2781,21,North of Little Bahama Bank,27.49167,-78.625,,,,true
2801,21,North of Trinidad island,11.36667,-61.44,,,,true
441,1,"North Pari Reef, Pari Island Complex, Java Sea",-5.8515,106.631,"",2015-07-29 01:48:02 UTC,2015-07-29 01:48:02 UTC,true
466,1,"North Rock, Bermuda Island",32.4514,-64.808,"",2015-08-03 05:25:40 UTC,2015-08-03 05:25:40 UTC,true
33,1,North Solitary Island,-29.9167,153.3833,"29.9167° S, 153.3833° E",2014-12-04 23:29:59 UTC,2014-12-04 23:29:59 UTC,true
442,1,"North Tikus, Pari Island Complex, Java Sea",-5.8565,106.5753,"",2015-07-29 01:49:30 UTC,2015-07-29 01:49:30 UTC,true
3307,21,"North Tobago, Caribbean Sea",11.429191,-60.720353,,,,true
2144,21,"North Tyrrhenian, Mediterranean Sea",42.6,10.0,,,,true
2577,21,"North West Cape, Dampier, NW Australia",-21.2802,114.0606,,,,true
2851,21,"northwest of Española, Galápagos",-1.286667,-89.81167,,,,true
3015,21,"Northwest of Tanaga Island, Aleutian Islands",5.886717,-178.3576,,,,true
2352,21,Northwest Persian Gulf ,29.9,49.2833,,,,true
2787,21,"Northwest Providence Channel, Bahamas",26.45,-78.66667,,,,true
2605,21,"Northwest Providence Channel, south of Freeport, Grand Bahama",26.27,-78.4,,,,true
34,1,Northwest Solitary Island,-30.017382,153.271637,"-30.017382,153.271637",2014-12-04 23:29:59 UTC,2014-12-04 23:29:59 UTC,true
2984,21,"Nosy Ankazoberavina, Indian Ocean",-13.486406,47.975382,,,,true
2635,21,"Nosy Be, Madagascar, Indian Ocean",-13.324182,48.265618,,,,true
2640,21,"Nosy Komba, Madagascar",-13.46717,48.337063,,,,true
2638,21,"Nosy Tanykely, Madagascar",-13.482931,48.236611,,,,true
2489,21,"Nouakchott, Mauritania",18.075432,-16.011335,,,,true
2696,21,Nova Scotia,45.15974338,-62.70328354,,,,true
2578,21,NW Australia,-17.120065,122.465887,,,,true
2194,21,"NW of Pribilof canyon, Bering Sea",60.01,-177.94,,,,true
595,1,"Nyali_2, Kenya",-3.983333,39.75,"",2017-07-23 10:38:32 UTC,2017-07-23 10:38:32 UTC,true
474,1,"Nyali Reef, Mombasa, Kenya",-4.062316,39.712256," A reef located in the National Reserve in Mombasa, Kenya",2015-08-10 06:34:53 UTC,2015-08-10 06:37:29 UTC,true
87,1,Oahu,21.5,-158.0,"min_depth=3, max_depth=15, start_year=0, end_year=0, methodology=DGGE",2014-12-04 23:29:59 UTC,2014-12-04 23:29:59 UTC,true
2714,21,"Oaxaca, Mexico",15.71637,-96.867558,,,,true
3243,21,"Obrucan, Croatia, Mediterranean Sea",43.836389,15.22,,,,true
2073,21,"Obrucan, Kornati, Croatia",43.8352,15.2187,,,,true
3291,21,"Occhio di Dio, Tavolara island",40.896267,9.707319,,,,true
2788,21,"off Arrows mith bank, Yucatan",20.95,-86.56667,,,,true
2925,21,"off atka bay, antarctica",-70.4,-8.328667,,,,true
2743,21,off Auckland Islands,-50.01667,166.0,,,,true
3069,21,"off Azores, North Sao Miguel",37.91667,-25.40417,,,,true
2699,21,"Off Boston, USA",40.57167,-66.0,,,,true
3017,21,"off Cadiz, Spain, Atlantic Ocean",36.41667,-8.2,,,,true
2682,21,"off Charleston, South Carolina",32.724816,-79.851399,,,,true
2856,21,off Cocos island,5.576667,-87.07083,,,,true
3119,21,"off Coromandel Peninsula, North Island, New Zealand",-36.5045,176.5075,,,,true
2797,21,"off eastern coast of Dominica, Lesser Antilles",15.41667,-61.23333,,,,true
2926,21,"off Esterillos, Puntarenas, Central Pacific, Costa Rica",9.349,-84.504,,,,true
2702,21,"off Florida, Caribbean",27.80532174,-81.67001673,,,,true
2800,21,"off George Town, Grand Cayman",19.28708676,-81.36934335,,,,true
2701,21,"Off Georgia, USA, Atlantic Ocean",31.299082,-81.193678,,,,true
2728,21,Off Guinea Bissau,-11.5,-17.33333,,,,true
2799,21,off Guyana,8.416667,-58.13333,,,,true
3014,21,"off Hamamatsu, Japan",34.11667,138.0,,,,true
2995,21,"off Hottentot's Huisie, Cape of Good Hope Periincula, South Africa",-33.98333,18.35,,,,true
2778,21,"Off Ireland, Atlantic Ocean",53.0976732,-8.043775328,,,,true
2681,21,"off Jacksonville, Florida",30.27937,-81.355295,,,,true
2867,21,"off Kapoposang Light, Celebes",-4.722778,118.8883,,,,true
3287,21,"off Kea ̄hole Point, Ha- wai‘i ",19.803333,-156.133889,,,,true
2938,21,"off Macquarie Island, SubAntarctic",-56.6,58.8,,,,true
3019,21,"off Mogadishu, Somalia, Indian Ocean",1.8,45.70833,,,,true
2986,21,off Mostardas ,-31.33333,-49.83333,,,,true
2624,21,"Off Mozambique, East Africa",-18.252446,36.352665,,,,true
2729,21,off Namibia coast,-26.75,13.89833,,,,true
423,1,Off New Caledonia,-23.68,167.68,"",2015-06-11 14:19:05 UTC,2015-06-11 14:19:05 UTC,true
2684,21,off New England,44.244395,-61.172478,,,,true
2853,21,"off northeastern Marchena, Galápagos",0.3946667,-90.43902,,,,true
3266,21,"off north of São Tomé Cape, Rio de Janeiro, Brazil",-21.649167,-40.179722,,,,true
2704,21,"Off North Rock, Bermuda, Caribbean Sea",32.330354,-64.832636,,,,true
2848,21,"off northwest tip of Fernandina, Galápagos",0.2845333,-91.07013,,,,true
3170,21,"off Pensacola, Florida",29.816667,-87.183333,,,,true
2952,21,"off Ponta Grossa de Sitio Forte, Ilha Grande, Angra dos Reis ",-23.11333,-44.29333,,,,true
3018,21,"off Rio de Janeiro, Brazil, Atlantic Ocean",-21.81361,-40.03139,,,,true
2921,21,"off Rio Grande do Sul, Brazil",-31.032303,-50.839542,,,,true
2855,21,"off Roca Redonda, Galápagos",0.2444444,-91.60889,,,,true
2972,21,"off San Blas islands, Panama",9.616667,-78.85833,,,,true
2794,21,"off Sao Sebastiao, Brazil",-24.92333,-44.43333,,,,true
2686,21,off South Carolina coast,32.741083,-79.819445,,,,true
2798,21,off southeastern coast of the Dominican Republic,18.35,-69.1,,,,true
2835,21,off South Georgia,-54.48333,-39.36667,,,,true
2707,21,Off south of Ireland,48.51667,-10.05,,,,true
3276,21,"off South Patong, Phuket, Thailand",7.882878141,98.2663808,,,,true
2780,21,"Off Southwest Point, Grand Bahama",26.45,-78.71667,,,,true
2884,21,"off state of Para, Brazil",1.566667,-48.11667,,,,true
2776,21,"Off St. Croix, Caribbean Sea",17.79167,-64.73194,,,,true
3053,21,"off the Rio de la Plata, Argentina, HMS Challenger, stn. 320",-37.283,-53.867,,,,true
120,1,"Ofu Island, American Samoa",-14.105366,-169.39257,"min_depth=0.8, max_depth=1.3, start_year=2004, end_year=2006, methodology=DGGE",2014-12-04 23:29:59 UTC,2014-12-04 23:29:59 UTC,true
2263,21,"Ogasawara islands, Japan",27.0857,142.2129,,,,true
2622,21,"Ohako-zaki cape, Otsuchi Bay, Iwate Prefecture, Japan",39.52333,142.0107,,,,true
2318,21,"Oil jetties, Eilat, Israel",29.5313,34.942,,,,true
3131,21,"Okeanos EX1504-9-2, South Karen Ridge, southeast of Johnston Atoll",16.14,-167.85,,,,true
3140,21,"Okeanos EX1603-2-03, French Frigate Shoal, Northwest Hawaiian Islands",23.94583,-166.0333,,,,true
3134,21,"Okeanos EX1603-7-02, Castellano Seamount, approximately 370 km south of Midway Islands, Hawaiian Islands",26.43,-177.8,,,,true
3125,21,"Okeanos EX1605-L1-4-03, Enigma Seamount, south of Guam",11.41,144.78,,,,true
3118,21,"Okeanos EX1606-10-02, Guyot 50 km south of Wake Island",18.4705,166.68,,,,true
3128,21,"Okeanos EX1606-13-03, Batfish Seamount, south of Wake Island",16.581,166.472,,,,true
3132,21,"Okeanos EX1606-502, McDonald Guyot, Mid-Pacific Mountains Range west of Wake Island",19.15048,164.5587,,,,true
3135,21,"Okeanos EX1606-6-03, Unnamed Seamount, northwest of Wake
Island",19.4447,165.79899,,,,true
3136,21,"Okeanos EX1606-8-01, northwest of
Wake Island",19.3304,166.6038,,,,true
3120,21,"Okeanos EX1606-9-01, off Wake island, Phoenix islands, Pacific Ocean",19.2543,166.635,,,,true
3139,21,"Okeanos EX1702-13-01, off Tutuila, American Samoa",-14.32,-170.65,,,,true
3133,21,"Okeanos EX1703-18-02, Te Kaitira, seamount south of Phoenix Islands",-6.4916,-173.581,,,,true
3138,21,"Okeanos EX1703-2-1, Pao Pao, Tokelau Islands",-7.19,-173.64,,,,true
3124,21,"Okeanos EX1703-8-01, off Baker Island, Phoenix Islands",0.21,-176.48,,,,true
3129,21,"Okeanos EX1705-11-Geo 01, Kingman Cone, off Palmyra Atoll",6.37,-162.31,,,,true
3121,21,"Okeanos EX1708-15-5, Mozart Seamount, Musicians Seamounts",28.69,-161.67,,,,true
3127,21,"Okeanos EX1708-2-GEO2-A2, Beach Ridge, Musicians Seamounts",25.553,-158.215,,,,true
201,1,"Okinawa, Japan",26.399403,127.832707,"",2014-12-04 23:29:59 UTC,2014-12-04 23:29:59 UTC,true
2459,21,"Okino island, Sea of Japan",34.30833,130.2417,,,,true
137,1,Olosega Island,-14.094688,-169.372611,"min_depth=1, max_depth=4, start_year=2005, end_year=2005, methodology=Cloning",2014-12-04 23:29:59 UTC,2014-12-04 23:29:59 UTC,true
2028,21,Olympic Coast National Marine Sanctuary,48.143,-125.182,,,,true
3311,21,Olympic Coast National Marine Sanctuary 2,48.1487,-125.238,,,,true
3312,21,Olympic Coast National Marine Sanctuary 3,48.135,-125.183,,,,true
141,1,Omaha,41.224957,-95.928937,"min_depth=0, max_depth=0, start_year=2000, end_year=2000, methodology=DGGE",2014-12-04 23:29:59 UTC,2014-12-04 23:29:59 UTC,true
2474,21,"Oman, Arabian Sea",20.85,59.16667,,,,true
2632,21,"Oman, Oman Sea",23.654267,58.629567,,,,true
146,1,One Tree Island,-23.490371,152.075065,"min_depth=0, max_depth=4, start_year=2001, end_year=2001, methodology=DGGE",2014-12-04 23:29:59 UTC,2014-12-04 23:29:59 UTC,true
2818,21,"Onslow Bay, North Carolina",34.53568,-76.97455,,,,true
548,1,"Onslow Bay, North Carolina",34.34263,-77.242891,"",2016-01-08 20:08:07 UTC,2016-01-08 20:08:07 UTC,true
434,1,"Onslow Is, Galapagos",-1.2249985,-90.4204827,"",2015-07-15 02:13:15 UTC,2015-07-15 03:29:52 UTC,true
3037,21,"Onslow island, Galapagos",0.505253844,-90.18538095,,,,true
121,1,Orlando,28.410732,-81.462772,"min_depth=0, max_depth=0, start_year=0, end_year=0, methodology=DGGE",2014-12-04 23:29:59 UTC,2014-12-04 23:29:59 UTC,true
591,1,"Orpheus Island_1, Orpheus Island",-18.616111,146.497222,"",2017-07-23 10:20:12 UTC,2017-07-23 10:20:12 UTC,true
630,1,"Orpheus_South, Orpheus Island",-18.664041,146.493345,"",2017-08-25 03:31:36 UTC,2017-08-25 03:31:36 UTC,true
2430,21,"Oshima island, Japan",31.5225,131.4045,,,,true
2617,21,"Otsuchi Bay, Iwate Prefecture, Japan",39.36342,142.0012,,,,true
2592,21,"Otsuki, Tosa, Kochi Prefecture, Japan",32.62767,132.8407,,,,true
3254,21,"Oudekraal, South Africa",-33.98563227,18.34891158,,,,true
2671,21,"Oxley Island, Northern Australia, Arafura Sea",-31.90874972,152.5725308,,,,true
422,1,"Padang, West Sumatra, Indonesia",-1.2,100.0,"",2015-06-11 14:10:36 UTC,2015-06-11 14:10:36 UTC,true
2946,21,"Paita, Piura, Perú",-5.082853,-81.097405,,,,true
142,1,Palau,7.51498,134.58252,"min_depth=0, max_depth=0, start_year=1991, end_year=1991, methodology=DGGE",2014-12-04 23:29:59 UTC,2014-12-04 23:29:59 UTC,true
2507,21,"Palau Subar Laut, Singapore",1.213992,103.834975,,,,true
2069,21,"Palazzinu, Scandola NR, France",42.3747,8.55,,,,true
2235,21,"Palazzu, Scandola, Corsica",42.3802,8.5495,,,,true
2670,21,"Palfrey Island, Great Barrier Reef",-14.692403,145.447614,,,,true
531,1,"Palinuro,Tyrrhenian Sea",40.033341,15.266677,"Coordinates of site in Goffredo et al., 2009. (original coordinates given in Deg Min Sec)",2016-01-08 17:27:04 UTC,2016-01-08 17:27:04 UTC,true
2083,21,"Palios, Lesvos, Greece",39.3224,26.435,,,,true
498,1,Palmata Beach,23.78,-76.1,"",2015-09-10 07:53:57 UTC,2015-09-10 07:54:43 UTC,true
3272,21,"Palm islands, Great Barrier Reef, Australia",3.975,-81.58,,,,true
553,1,"Palmyra Atoll, Polynesia",5.883296,-162.089422,"",2016-01-08 20:58:03 UTC,2016-01-08 20:58:03 UTC,true
2402,21,"Palomino, Colombia, Caribbean",11.256119,-73.559057,,,,true
241,1,Panama,9.123115,-79.539569,"",2014-12-04 23:29:59 UTC,2014-12-04 23:29:59 UTC,true
111,1,Panama Bay,8.907315,-79.40694,"min_depth=2, max_depth=10, start_year=2007, end_year=2009, methodology=DGGE",2014-12-04 23:29:59 UTC,2014-12-04 23:29:59 UTC,true
2735,21,"Panama coast, Tropical Eastern Pacific",8.801767,-78.795769,,,,true
414,1,Pandora Reef,-18.8132669,146.4325734,"",2015-06-04 05:39:04 UTC,2015-06-04 05:39:04 UTC,true
2486,21,"Pangavinne Island, Tanzania, Indian Ocean",-6.833333,39.28333,,,,true
532,1,"Pantelleria Isle, Strait of Sicily",36.750015,11.950012,"Coordinates of site in Goffredo et al., 2009. (original coordinates given in Deg Min Sec)",2016-01-08 17:29:41 UTC,2016-01-08 17:29:41 UTC,true
2889,21,"Papanui Canyon, off Otago peninsula, New Zealand",-45.85,171.0333,,,,true
3304,21,"Parahyba do Norte, Brazil, Albatross sta. 2758",6.991667,-34.8,,,,true
2556,21,"Paranaguá, Paraná, Brazil",-25.51528,-48.49972,,,,true
400,1,"Pari Island Complex, Java Sea",-5.86,106.599,"",2015-05-08 02:24:17 UTC,2015-05-08 02:24:17 UTC,true
2646,21,"Park Rynie, Lander’s Reef, KwaZulu-Natal, South Africa",-30.33288,30.79205,,,,true
2010,21,"Parque Antonio Maceo, Cuba",23.1421,-82.3722,,,,true
2328,21,"Parque Municipal Marinho do Recife de Fora (PMMRF), Brazil ",-16.4028,-38.9811,,,,true
2074,21,"Paski most, Pag, Croatia",44.3178,15.2563,,,,true
2307,21,"Passamaquoddy, Bay of Fundy",45.0667,-66.9,,,,true
3042,21,"Passe de Mato, New Caledonia",-22.66667,166.6019,,,,true
2491,21,Patagpnian shelf ,-44.23333,-61.38333,,,,true
436,1,"Patch Reef 42, Kaneohe Bay, Oahu",21.4785,-157.8281,"",2015-07-27 15:10:52 UTC,2015-07-27 15:10:52 UTC,true
2808,21,Peak of Caloosahatchee Seamount ,34.66367,-49.81683,,,,true
405,1,Pearl & Hermes,27.837,-175.354,"Pearl & Hermes Atoll, NW Hawaiian Islands",2015-05-27 06:19:49 UTC,2015-05-27 06:19:49 UTC,true
551,1,"Pearl Islands, Panama",8.435441,-78.934976,"",2016-01-08 20:32:54 UTC,2016-01-08 20:32:54 UTC,true
382,1,"Pear Tree Bottom, Jamaica",18.463817,-77.356717,"",2014-12-04 23:29:59 UTC,2014-12-04 23:29:59 UTC,true
3190,21,"Pedra da Greta, Algarve, Atlantic Ocean",36.983333,-7.983333,,,,true
3224,21,"Pedra de deu, Medes islands, NW Mediterranean",42.05075513,3.224752143,,,,true
3166,21,"Pedra Lixa reef, Abrolhos Archipelago, Brazil",-17.6833,-38.9833,,,,true
2240,21,"Pedres Barra Mesina, Cap de Creus, Spain",42.2937,3.3142,,,,true
543,1,"Peel Island, Australia",-27.496738,153.359561,"",2016-01-08 19:35:10 UTC,2016-01-08 19:35:10 UTC,true
2535,21,"Peleliu Island, Koror, Palau",6.976917,134.2222,,,,true
629,1,"Pelorus SE, Pelorus Island",-18.620267,146.556456,"",2017-08-25 03:28:11 UTC,2017-08-25 03:28:11 UTC,true
631,1,"Pelorus_South.West, Pelorus Island",-18.559097,146.492084,"",2017-08-25 03:57:53 UTC,2017-08-25 10:45:40 UTC,true
581,1,"Pelorus_SW, Pelorus Island",-18.559097,146.492084,"",2017-07-23 05:27:43 UTC,2017-07-23 05:27:43 UTC,true
642,1,"Pelorus_West, Pelorus Island",-18.559781,146.489917,"",2017-08-25 10:45:04 UTC,2017-08-25 10:45:26 UTC,true
3143,21,"Pelotas, La Parguera, SW Puerto Rico",17.95737,-67.0696,,,,true
460,1,"Peng Chau Island, Hong Kong",22.2686,114.0088,"",2015-08-03 02:20:32 UTC,2015-08-03 02:20:32 UTC,true
2562,21,"Penghu Archipelago, Taiwan",23.599693,119.559622,,,,true
3161,21,"Pengjia Islet, northeastern Taiwan",25.69667,122.6655,,,,true
572,1,Penhgu Island group			,23.602292,119.587494,"General location of Penghu, GPS coords of specific dive sites not known ",2017-03-06 08:57:49 UTC,2017-03-06 08:57:49 UTC,true
2155,21,"Petit Conglue, Marseille, France",43.1789,5.3967,,,,true
2067,21,"Pharillons, Marseille, France",43.2045,5.3363,,,,true
2165,21,"Phidonissi, Kavala Bay, Greece",35.1958,26.2946,,,,true
245,1,Philippines,12.147441,122.972133,"",2014-12-04 23:29:59 UTC,2014-12-04 23:29:59 UTC,true
2514,21,"Phiphi Islands, Thailand",7.675,98.76167,,,,true
165,1,Phuket Island,7.98631667,98.32754444,"min_depth=0, max_depth=0, start_year=1995, end_year=1995, methodology=Cloning",2014-12-04 23:29:59 UTC,2014-12-04 23:29:59 UTC,true
2928,21,"Phuket Island, Thailand",7.93178952,98.34582721,,,,true
2394,21,"Pickles reef, Florida keys",24.984371,-80.413577,,,,true
2395,21,"Pillar reef, Bahamas",24.06668,-74.54168,,,,true
2905,21,"Pinder point, Grand Bahama",26.50618357,-78.76497477,,,,true
590,1,"Pioneer Bay_2, Orpheus Island",-18.6,146.483333,"",2017-07-23 10:14:14 UTC,2017-07-23 10:14:14 UTC,true
177,1,"Pioneer Bay, Orpheus Island",-18.610784,146.488051,Orpheus Island Research Station,2014-12-04 23:29:59 UTC,2014-12-04 23:29:59 UTC,true
2724,21,"Piwhane/Spirits Bay, New Zealand",-34.4167,172.7833,,,,true
3248,21,"Planka, Croatia, Mediterranean Sea",43.493333,15.969167,,,,true
2076,21,"Planka, Rogoznica, Croatia",43.4893,15.9682,,,,true
2472,21,"Plater rock, Darwin Harbour, Australia",-12.47683,130.7873,,,,true
2920,21,"Playa Botella, Isla Floreana, Gala¤pagos",-1.308735901,-90.43643357,,,,true
2011,21,"Playa del Salado, Cuba",23.0406,-82.6043,,,,true
519,1,"Plymouth, United Kingdom",50.358848,-4.14291,"",2015-11-10 05:12:09 UTC,2015-11-10 05:12:09 UTC,true
514,1,"Point Cabrillo, California",36.622475,-121.903492,"Point Cabrillo, Pacific Grove, California, United States",2015-11-03 07:00:57 UTC,2015-11-03 07:00:57 UTC,true
2153,21,"Pointe Caramasaigne, Marseille, France",43.1735,5.3986,,,,true
3115,21,"Pointe de la Croisette, Cannes, France",43.53663779,7.037115352,,,,true
2159,21,"Pointe de La Revellata, Corsica, France",42.5831,8.7294,,,,true
2434,21,"Pointe Lokombe, Nosy Bé, Madagascar, Indian Ocean",13.42564,48.31328,,,,true
2590,21,"Pointe Noire, Congo",-4.772741939,11.85437236,,,,true
2084,21,"Point Hutchinson, Chatham Strait, Alaska",56.3883,-134.6359,,,,true
2748,21,"Point Loma, San Diego, California",32.7,-117.2556,,,,true
2173,21,"Point Mistral, La Galite, Tunisia",37.7539,8.9072,,,,true
643,1,Point_Orpheus,-18.567118,146.483724,"",2017-08-25 10:53:30 UTC,2017-08-25 10:53:30 UTC,true
2768,21,"Point Piños light-house, Monterey Bay, California",36.63333,-121.9167,,,,true
3155,21,"Polarstern ANT XIX/3, stn. 94.1, off Elephant Island",-60.51183,-56.08717,,,,true
3156,21,"Polarstern ANT XIX/5, stn. 194.1, South Sandwich Islands",-57.67583,-26.419,,,,true
3175,21,"Polarstern, stn. 303, off King George Island, South Shetland islands, Antarctica",-62.275,-58.718333,,,,true
162,1,Pondoland,-31.41755,30.12058333,"min_depth=16, max_depth=16, start_year=0, end_year=0, methodology=DGGE",2014-12-04 23:29:59 UTC,2014-12-04 23:29:59 UTC,true
2416,21,"Pongibalu, Andaman and Nicobar Archipielago, Indian Ocean",11.51717,92.65265,,,,true
2996,21,"Porcupine Bank, 12.09.2015, Stn. 23",52.869,-14.79,,,,true
2997,21,"Porcupine Bank, 14.09.2015, Stn. 32",53.841,-13.378,,,,true
2335,21,"Porcupine Seabight, SW Ireland",49.923,-13.616,,,,true
206,1,"Porites Bay, Thailand",7.811884,98.404303,"",2014-12-04 23:29:59 UTC,2014-12-04 23:29:59 UTC,true
2675,21,"Port Denison, Western Australia",-29.27133717,114.9157737,,,,true
2568,21,"Port Elizabeth, Algoa Bay, South Africa",-33.98027,25.69295,,,,true
2443,21,"Port Essington, Orontes Reef, Australia",-11.06667,132.0917,,,,true
2468,21,"Port Hedland, Western Australia",-19.515,118.8117,,,,true
2580,21,"Port Molle, Queensland, Australia",-20.33288994,148.8499999,,,,true
2347,21,"Porto de Galinhas beach, Pernambuco State, Brazil",-8.5056,-33.50094,,,,true
3198,21,"Porto de Galinhas, Pernambuco, Brazil",-8.505556,-35.009444,,,,true
2056,21,"Portofino, Italy",44.2971,9.2128,,,,true
3253,21,"Port Stephens estuary, Australia",-32.696747,152.134737,,,,true
3225,21,"Pota del Llop, Medes islands, NW Mediterranean",42.04971122,3.226608856,,,,true
475,1,"Pot Holes, Lord Howe Island",-31.562575,159.07453,"",2015-08-10 09:11:53 UTC,2015-08-10 09:11:53 UTC,true
2825,21,"Potiguar Basin (Rio Grande do Norte State), Brazil",-4.616667,-36.76667,,,,true
2348,21,"Potter Cove, King George island, Antarctic",-62.2333,-58.63333,,,,true
2864,21,"Praia da Marcela, São Luís, Maranhão",2.65,-44.25,,,,true
515,1,"Praia da Tartaruga, Brazil",-22.75552,-41.903909,"Praia da Tartaruga, State of Rio de Janeiro, Brazil",2015-11-03 07:39:29 UTC,2015-11-03 07:39:29 UTC,true
2508,21,"Praslin Island, Seychelles",-4.3,55.68333,,,,true
2193,21,"Pribilof canyon, Bering Sea",56.28,-169.43,,,,true
2791,21,"Prince Edward island, Canada",46.44507987,-63.42225787,,,,true
3049,21,"Prince Edward Island, southern Indian Ocean, HMS Challenger, stn. 145A",-46.683,38.167,,,,true
3183,21,"Prince islands, Marmara Sea",40.879431,29.062824,,,,true
3240,21,"Prvic, Croatia, Mediterranean Sea",44.886667,14.836944,,,,true
3222,21,"Pta. Falconera, Cap de Creus, NW Mediterranean",42.229135,3.220939,,,,true
2923,21,"Puerto Deseado, Argentina",-47.75776644,-65.89933467,,,,true
2431,21,"Puerto Galera, Mindoro, Philippines",13.518273,120.978557,,,,true
51,1,Puerto Morelos,20.87,-86.85,"min_depth=5.2, max_depth=5.2, start_year=2007, end_year=2007, methodology=DGGE",2014-12-04 23:29:59 UTC,2015-09-10 07:57:18 UTC,true
2379,21,"Puerto Morelos, Mexico",20.8681,-86.8663,,,,true
3197,21,"Puerto Pirámida, Chubut, Argentina",-42.583333,-64.283333,,,,true
330,1,Puerto Rico,18.20848,-66.549683,"",2014-12-04 23:29:59 UTC,2014-12-04 23:29:59 UTC,true
479,1,"Puffney Patch (Big Vicki), Lizard Island",-14.685483,145.442027,"",2015-08-25 04:48:23 UTC,2015-08-25 04:48:23 UTC,true
2960,21,"Pulau Gebe, Indonesia",0.1,129.4533,,,,true
2480,21,"Pulau Gomunu, south of Obi, Moluccas, Indonesia",-1.833333,127.5125,,,,true
438,1,"Pulau Hantu, Singapore",1.2225,103.7502,"",2015-07-28 06:42:21 UTC,2015-07-28 06:42:21 UTC,true
2581,21,"Pulau Jedan, Aru islands, Indonesia",-5.382692222,134.6832045,,,,true
454,1,"Pulau Kecil, Karimunjawa Islands, Java",-5.8262,110.5046,"",2015-07-29 21:06:48 UTC,2015-07-29 21:57:40 UTC,true
2454,21,"Pulau Lembeh, Sulawesi, Indonesia",1.466667,125.2333,,,,true
2612,21,"Pulau Messah, Flores, Indonesia",-8.52725,119.74574,,,,true
457,1,"Pulau Panjang, Karimunjawa Islands, Java",-6.5753,110.6282,"",2015-07-29 21:43:05 UTC,2015-07-29 21:58:14 UTC,true
555,1,"Pulau Pari, Java",-5.857468,106.611015,"",2016-01-08 22:27:33 UTC,2016-01-08 22:27:33 UTC,true
2450,21,"Pulu Bambu, Sulawesi, Indonesia",-0.402365833,121.8432908,,,,true
3196,21,"Pulu Jedan, Aru Islands, Maluku, Indonesia",-5.372784,134.58418,,,,true
2015,21,"Punta Betin, Santa Marta, Colombia",11.2497,-74.2218,,,,true
2018,21,"Punta Galeta, Panama",9.4244,-79.8759,,,,true
2914,21,"Punta Hermosa, Coiba Island, Gulf of Chiriquı´, Panama",7.523083,-81.89192,,,,true
2919,21,"Punta Islotes, Golfo Dulce, Costa Rica",11.73831811,-83.05491531,,,,true
2518,21,"Punta Llonco, Chile",-42.33157,-72.46102,,,,true
2974,21,"Punta Mala, Punta Arenas, Costa Rica",9.369167,-84.535,,,,true
2236,21,Punta Muchilina,42.3322,8.5535,,,,true
3233,21,"Punta Salines, Montgri, NW Mediterranean",42.0656303,3.216981183,,,,true
3275,21,"Punta San Pancrazio, Ischia, Bay of Naples, Mediterranean Sea",40.7014931,13.95431576,,,,true
2372,21,"Punta s´Oliguera, Cap de Creus, Spain",42.2842,3.3097,,,,true
2256,21,"Punta Vessinaro, Portofino, Italy",44.3703,9.4336,,,,true
2523,21,"Puyuhuapi, Chile",-44.39292,-72.58192,,,,true
499,1,Qwerty,1.0,1.0,Test location (ignore and delete later),2015-09-10 20:35:13 UTC,2015-09-10 20:36:57 UTC,true
440,1,"Raffles lighthouse, Singapore",1.1593,103.7407,"",2015-07-28 06:59:46 UTC,2015-07-28 06:59:46 UTC,true
2957,21,"Ras Binnah, Somalia",11.4,51.58,,,,true
2181,21,"Ras Drak, Haouaria, Tunisia",37.2019,11.2472,,,,true
2268,21,"Rattray island, Central GBR",-19.9948,148.5561,,,,true
2558,21,"Récif des Colimaçons, Saint-Leu, Reunion, Indian Ocean",-21.15601,55.28268,,,,true
163,1,Recife du Sud,-18.18025,49.4185,"min_depth=0, max_depth=0, start_year=0, end_year=0, methodology=DGGE",2014-12-04 23:29:59 UTC,2014-12-04 23:29:59 UTC,true
2559,21,"Récif Pointe au Sel, Saint-Leu, Reunion, Indian Ocean",-21.19064,55.28313,,,,true
2940,21,"Red Cliff, South Morewood cave, South Natal",-29.843398,31.05635,,,,true
3024,21,"Red reef, Margot Fish Shoal, Florida",25.4389,-80.1713,,,,true
2642,21,Red Sea,21.18985003,37.98882233,,,,true
3073,21,"Rehoboth Seamount, Station REH 104-2, Northwest Atlantic",37.46067,-59.9515,,,,true
3235,21,"Reina, Medes islands, NW Mediterranean",42.047246,3.223654,,,,true
2804,21,Retriever Seamount,39.80909,-66.2498,,,,true
2803,21,"Rey- kjanes Ridge, Iceland",61.73333,-30.48333,,,,true
2422,21,"Reykjanes Ridge, North Atlantic",62.55196672,-27.08789075,,,,true
90,1,Rib Reef,-18.48189722,146.8737056,"min_depth=10, max_depth=17, start_year=2003, end_year=2003, methodology=DGGE",2014-12-04 23:29:59 UTC,2014-12-04 23:29:59 UTC,true
3194,21,"Ridge 1 reef, Wakatobi Marine National Park, SE Sulawesi, Indonesia",-5.449167,123.760556,,,,true
2393,21,"Riding Rock, Bahamas",24.06667,-74.54167,,,,true
369,1,"Rio Bueno, Jamaica",18.479459,-77.459666,"North coast Jamaica
",2014-12-04 23:29:59 UTC,2014-12-04 23:29:59 UTC,true
3114,21,"Río Tambor, Fjord Comau, Chile",-42.40409,-72.42059,,,,true
2163,21,"Riou Archipielago, Marseille, France",43.1778,5.3972,,,,true
2057,21,"Riou Island, Marseille, France",43.1733,5.3917,,,,true
2746,21,"Ripple Shoals, south of Barrow Island, Pilbara Shelf, NW Australia",-21.12796,115.35959,,,,true
2730,21,"Roca Catedral, Coiba National Park, Gulf of Chiriquí, Panama",7.24636,-81.808597,,,,true
2948,21,"Roca Hacha island, Gulf of Chiriquí, Panama",7.43194,-81.85806,,,,true
2172,21,"Rocher Mérou, Tabarka, Tunisia",37.1461,8.8719,,,,true
3041,21,"Rockall Bank, NE Atlantic",56.54383,-14.51533,,,,true
2805,21,Rockaway Seamount ,35.64667,-52.05333,,,,true
3145,21,"Romero, La Parguera, SW Puerto Rico",17.93748,-66.99072,,,,true
550,1,"Roomassala, Sri Lanka",6.020116,80.238735,"",2016-01-08 20:26:30 UTC,2016-01-08 20:26:30 UTC,true
3232,21,"Rossinyol, Montgri, NW Mediterranean",42.07343048,3.220567253,,,,true
3056,21,"Ross Sea, Antarctica, TRIP 2994, stn. 23",-72.0,-179.0,,,,true
2745,21,"Ross Sea, Antarctic Ocean",-68.64491017,-167.3988774,,,,true
2093,21,"Ross Sea, Antarctic site 1",-72.2695,170.1633,,,,true
2094,21,"Ross Sea, Antarctic site 2",-72.2717,170.415,,,,true
2095,21,"Ross Sea, Antarctic site 3",-71.7187,-171.5028,,,,true
2096,21,"Ross Sea, Antarctic site 4",-72.1283,172.1558,,,,true
2784,21,"Roti Strait, Indo-Pacific",-10.65,123.0,,,,true
2627,21,"Rotti island, Cyrus bay, Indonesia",-10.87333,123.0183,,,,true
74,1,Rottnest Island,-32.023786,115.550522,"min_depth=0, max_depth=7, start_year=2005, end_year=2005, methodology=DGGE",2014-12-04 23:29:59 UTC,2014-12-04 23:29:59 UTC,true
2369,21,"Round bay, St. John, Virgin islands",18.345,64.681,,,,true
2462,21,"Rowley Shoals, North-Western Australia",-19.32833,119.1633,,,,true
2423,21,"RRS James Cook JC048/016, Mid-Atlantic ridge",53.99015136,-36.19998927,,,,true
3113,21,"RRS James Cook, sta. 5, ev.24, Melville Bank",-38.49319,46.76001,,,,true
3111,21,"RRS James Cook, sta. 7, ev. 10, Sapmer Bank",-36.80286,52.11547,,,,true
3110,21,"RRS James Cook, sta. 8, ev. 5, Atlantis Bank",-32.71437,57.24443,,,,true
2885,21,"Rum Cay, Bahama Islands",23.63459,-74.95366,,,,true
2399,21,"Rum Cay, Bahamas",23.61667,-74.86667,,,,true
2424,21,"RV Akademik Mstislav Keldysh 4th cruise, St. 316-5, Mid-Atlantic ridge",58.75011686,-27.21796977,,,,true
3093,21,"R/V Albatross, Northwestern Pacific Expedition, sta. 5080, west of Izu Islands, Honshu Island, Japan ",34.175,138.6667,,,,true
3092,21,"R/V Albatross, sta. 5079, south of Omae Zaki, Honshu Island, Japan ",34.25,138.0,,,,true
2922,21,"R/V Calypso, sta. 1776, 241 km SE of Sao Paulo, Brazil ",-24.90111,-44.43333,,,,true
3009,21,"RV Vitjaz, cruise 48, stn 6275, North Pacific Ocean",12.2,179.8167,,,,true
2357,21,"Ryukyu Archipielago, Okinawa, Japan",28.2841,129.379,,,,true
568,1,Saadiyat,24.59858028,54.42014881,"Reef 5km offshore from Saadiyat Island, Abu Dhabi, UAE
",2017-03-06 08:54:33 UTC,2017-03-06 08:54:33 UTC,true
2130,21,"Sabah, Indonesia, site 1",6.01,116.02,,,,true
2131,21,"Sabah, Indonesia, site 2",4.56,118.73,,,,true
240,1,"Saboga, Panama",8.622584,-79.061694,"",2014-12-04 23:29:59 UTC,2014-12-04 23:29:59 UTC,true
2408,21,"Saco dos Cardeiros, Arraial do Cabo, Rio de Janeiro coast, Brazil",-23.73333,-42.03,,,,true
2421,21,"Sagami bay, Japan",35.259323,139.315943,,,,true
2709,21,"Saint Lucia, Caribbean Sea",13.89413446,-60.99731258,,,,true
3062,21,"Saint Mary Islands, Karnataka, India, Arabian Sea",13.38019181,74.67354364,,,,true
2560,21,"Saint-Paul, Reunion, Indian Ocean",-21.09961,55.23023,,,,true
2006,21,"Salmedina reefs, Colombia",10.39,-75.7,,,,true
594,1,"Salomon Atoll, Chagos",-5.333889,72.218056,"",2017-07-23 10:34:53 UTC,2017-08-18 09:12:16 UTC,true
3181,21,"Salt River Canyon, US Virgin Islands",17.77656351,-64.75932644,,,,true
452,1,"Samalona, South Sulawesi, Flores Sea",-5.0634,119.319,"",2015-07-29 20:54:22 UTC,2015-07-29 20:54:22 UTC,true
2587,21,"Samau Island, Timor",10.242545,123.36362,,,,true
473,1,"Sambangan Island, Karimun Jawa Group, Indonesia",-5.8444,110.585,"",2015-08-07 02:24:42 UTC,2015-08-07 02:24:42 UTC,true
3216,21,"Sampela reef, Wakatobi NP, Indonesia",-5.49633,123.753003,,,,true
250,1,"Sampela, Wakatobi, Tukang Besi",-5.474706,123.732718,"",2014-12-04 23:29:59 UTC,2015-07-28 01:40:53 UTC,true
3195,21,"Samplea reef, Wakatobi Marine National Park, SE Sulawesi, Indonesia",-5.483611,123.752222,,,,true
644,1,"San Blas Islands, Panama",9.555977,-78.961905,"",2017-09-11 06:06:35 UTC,2017-09-11 06:06:35 UTC,true
2008,21,"San Cristobal Reef, Puerto Rico",17.93,-67.07,,,,true
140,1,San Diego,32.865929,-117.250322,"min_depth=0, max_depth=0, start_year=2005, end_year=2005, methodology=DGGE",2014-12-04 23:29:59 UTC,2014-12-04 23:29:59 UTC,true
2754,21,"Sands Beach, Santa Barbara, California",34.40729,-119.879564,,,,true
2455,21,"Sandy Island, Arafura Sea, Australia",-11.09333,132.3167,,,,true
2859,21,"San Esteban Island (northwest rocky point), Sonora, Mexico ",28.72607,-112.6133,,,,true
3000,21,"Sanganeb Atoll, Sudán, Red Sea",19.35939,37.32713,,,,true
2861,21,"San Juan, west end of Salinas Island, Puerto Rico",18.21944,-66.23056,,,,true
2758,21,"San Pedro, Los Angeles, California",33.61778,-118.1972,,,,true
2166,21,"Sanremo, Ligurian Sea",43.8035,7.7552,,,,true
2004,21,"San Salvador Island, Bahamas",24.0667,-74.5417,,,,true
2759,21,Santa Catalina Island,33.3849442,-118.4216446,,,,true
2769,21,"Santa Cruz Island, California",34.0341,-119.5199,,,,true
2886,21,"Santa Maria di Leuca coral Porvince, Mediterranean",39.61667,18.36667,,,,true
335,1,"Santa Marta, Colombia",11.255773,-74.214191,"",2014-12-04 23:29:59 UTC,2017-09-11 05:59:31 UTC,true
3167,21,"Sao Vicente island, Cape Verde",16.83677622,-24.97013044,,,,true
3212,21,"Sardinia, Mediterranean Sea",40.009954,9.049825,,,,true
2620,21,"Sata-misaki Cape, Kagoshima Prefecture, Japan",30.93583,130.7333,,,,true
2601,21,"Sata-misaki Cape, Kagoshima Prefecture, Japan",30.93583,130.73,,,,true
2845,21,"Sation 41–4, Scotia Sea (Polarstern ANT XIX/3)",-59.39133,-60.059,,,,true
503,1," Satsukigaura, Amakusa, Japan",32.167466,130.037283,"",2015-09-22 04:07:40 UTC,2015-09-22 04:07:40 UTC,true
3001,21,"Saudi Arabian border bay, Gulf of Aqaba, Red Sea",29.36036,34.96097,,,,true
533,1,"Scilla, Ionian Sea",38.016677,15.633312,"Coordinates of site in Goffredo et al., 2009. (original coordinates given in Deg Min Sec)",2016-01-08 17:32:38 UTC,2016-01-08 17:32:38 UTC,true
3182,21,"Scoglio dell’Astice shoal, Sanremo, Ligurian Sea",43.8,7.838,,,,true
593,1,"Scott_1, Scott Reef",-14.066667,121.766667,"",2017-07-23 10:29:33 UTC,2017-07-23 10:29:33 UTC,true
82,1,Scott Reef,14.111667,121.853056,"min_depth=0, max_depth=5, start_year=2003, end_year=2009, methodology=DGGE",2014-12-04 23:29:59 UTC,2014-12-04 23:29:59 UTC,true
2817,21,"""Seamount 2” cruise, stn. DW 258, Atlantis Bank",33.99717,-30.2025,,,,true
2962,21,"Seamount east of Laysan Island, the Hawaiian Islands",25.7019,171.445,,,,true
2908,21,"Seamount M5, Caroline ridge",10.07833,140.1547,,,,true
2820,21,"Seamount M8, Caroline ridge",10.63633,140.068,,,,true
2909,21,"Seamount M8, Caroline ridge II",10.6125,140.0642,,,,true
392,1,Seaward of St. Croix Airport,17.675312,-64.795361,"",2014-12-04 23:29:59 UTC,2014-12-04 23:29:59 UTC,true
432,1,"Secas Island, Panama",7.986666,-82.0303155,"",2015-07-15 00:57:57 UTC,2015-07-15 00:57:57 UTC,true
346,1,"Sekisei Lagon, Okinawa",24.346471,124.044571,"",2014-12-04 23:29:59 UTC,2014-12-04 23:29:59 UTC,true
623,1,"Sekisei Lagoon, St. A, Japan",24.252222,124.085556,"",2017-07-23 12:35:25 UTC,2017-07-24 23:01:58 UTC,true
439,1,"Semakau, Singapore",1.2068,103.7579,"",2015-07-28 06:50:12 UTC,2015-07-28 06:50:12 UTC,true
3094,21,"Semisopochini Island, western Aleutian Islands, North Pacific ",51.9569391,179.6391481,,,,true
2463,21,"Semporna, Sabah, Malaysia",4.381667,118.604,,,,true
2493,21,Senegal Coast,14.581175,-17.202642,,,,true
3063,21,"SE of India, Bay of Bengal, Indian Ocean",10.237249,79.258145,,,,true
2896,21,"SE of Punta Tosca, Baja California, Mexico",24.43529,-111.3509,,,,true
2915,21,"Sepangar, Sepangar Island, Kota Kinabalu, Sabah, Malaysia",6.060739,116.0668,,,,true
2991,21,"Seragaki Tombs, Okinawa, Japan",26.50667,127.8767,,,,true
618,1,"Sesoko_4, Japan",26.646111,127.864722,"",2017-07-23 12:29:55 UTC,2017-07-23 12:29:55 UTC,true
619,1,"Sesoko_5, Japan",26.633333,127.866667,"",2017-07-23 12:31:08 UTC,2017-07-23 12:31:08 UTC,true
243,1,"Sesoko Island, Okinawa",26.650527,127.86438,Sesoko Tropical Biosphere Research Station,2014-12-04 23:29:59 UTC,2014-12-04 23:29:59 UTC,true
3142,21,"SE Tasmania, Pacific Ocean",-43.194782,148.344075,,,,true
2469,21,"Seto, Kii Coast, Japan",34.14863879,133.2405393,,,,true
3004,21,"Shag Rock, Gulf of Suez, northern Red Sea",27.78374,33.98977,,,,true
2500,21,"Shag Rocks, Scotia Sea, South Atlantic Ocean",-53.3875,-43.41667,,,,true
2447,21,"Shark Bay, Western Australia",-26.05,113.3833,,,,true
2282,21,"Shark cove, Oahu, Hawaii",21.6519,-158.0629,,,,true
2448,21,"Shark Fin Bay, Wedge island, Australia",-35.16667,136.4833,,,,true
2930,21,"Shark island, Andaman",13.20107,92.75425,,,,true
210,1,"Shark Point, Thailand",7.799182,98.411122,"",2014-12-04 23:29:59 UTC,2014-12-04 23:29:59 UTC,true
2537,21,"Shek Chau, Basalt island, Hong kong",22.305,114.363,,,,true
3065,21,"Shelly Beach, Caloundra, Queensland, Australia",-26.79972,153.150278,,,,true
620,1,"Shibushi_Bay_1, Japan",31.464444,131.228333,"",2017-07-23 12:32:08 UTC,2017-07-23 12:32:08 UTC,true
264,1,"Shikoku Island, Japan",33.8219,133.4945,"",2014-12-04 23:29:59 UTC,2014-12-04 23:29:59 UTC,true
2659,21,"Shima Spur, Tenryu Sea, Japan",34.012,136.888,,,,true
2188,21,"Shimoda, Japan",34.65,138.9333,,,,true
2656,21,"Shio Misaki Light, Japan",33.38833,135.5667,,,,true
3160,21,"Shirahama, Amami Oshima Island, Kagoshima, Japan",28.198412,129.269811,,,,true
2339,21,"Shiraho Reef, Ishigaki Island, Japan",24.3542,124.2461,,,,true
2020,21,"Shiribeshi seamount, Hokkaido, Japan",43.6001,139.5504,,,,true
597,1,"Shirigai Bay, Japan",32.783889,132.708333,"",2017-07-23 10:54:31 UTC,2017-09-23 09:44:10 UTC,true
2344,21,"Shutter ridge, Alaska",56.0848,-134.5605,,,,true
2534,21,"Siaes Reef, Koror, Palau",7.311611,134.2268,,,,true
3281,21,"Siboga-297, South of Timor, Indonesia",-10.65,-123.666667,,,,true
3088,21,"Siboga expedition, sta. 297, Lesser Sunda Islands, Indonesia ",-10.65,123.6667,,,,true
3087,21,"Siboga expedition, sta. 88, Strait of Makassar, Sulawesi, Indonesia ",0.5683333,119.1347,,,,true
3284,21,"Siboga- st 95, Sulu Sea, Indonesia",5.716667,119.666667,,,,true
2586,21,"Siboga station 117, N Sulawesi",1.25,123.616667,,,,true
2584,21,"Siboga station 164, near New Guinea",-1.708333,130.7917,,,,true
2589,21,"Siboga station 166, New Guinea",-2.475,131.055,,,,true
2585,21,"Siboga station 310, Flores",-8.5,119.118056,,,,true
2419,21,"Siboga station, Kei islands, Japan",-5.803333,132.2167,,,,true
2967,21,"Siboga Expedition, stn 88, Strait of Makassar, Sulawesi, Indonesia",0.5766667,119.1417,,,,true
2311,21,"Sibusi, Japan",31.4891,131.14,,,,true
608,1,"Sichang_Islands_1, Thailand",13.116667,100.816667,"",2017-07-23 11:33:23 UTC,2017-07-23 11:33:23 UTC,true
2178,21,"Sidi Abdelaziz, La Marsa, Tunisia",37.4794,10.605,,,,true
2305,21,"Sidney Harbor, Australia",-33.8333,151.25,,,,true
2555,21,"Sigee, Penghu, Taiwan",23.25372,119.6113,,,,true
2019,21,"Signy Island, Antartica",-70.7207,-45.1429,,,,true
2519,21,"Siladen island, Bunaken, N Sulawesi, Indonesia",1.625,124.8,,,,true
2185,21,"Silaqui Island, Philippines",16.4394,119.9438,,,,true
246,1,"Similan Islands, Thailand",8.659151,97.646762,"",2014-12-04 23:29:59 UTC,2014-12-04 23:29:59 UTC,true
3043,21,"Simmonds point, Tasmania",-42.81667,147.6,,,,true
2453,21,"Simpson island, Exmouth Gulf, Australia",-22.11917,114.4898,,,,true
2309,21,"Sinai peninsula, Red Sea",27.9247,34.1373,,,,true
2506,21,Singapore,1.230931,103.8202,,,,true
2657,21,"Skaly Lovushki I., Sea of Okhotsk",47.20222,152.635,,,,true
2075,21,"Smokvica, Rogoznica, Croatia",43.5063,15.9387,,,,true
3247,21,"Smokvika, Croatia, Mediterranean Sea",43.510556,15.942222,,,,true
2760,21,"Smugglers Cove, Santa Cruz island, Santa Barbara, California",34.02194,-119.5419,,,,true
2672,21,"Snake reef, Queensland, Great Barrier Reef",-14.47347123,145.0263488,,,,true
3178,21,"Socotra island, Yemen, Indian Ocean",12.485992,53.756296,,,,true
2314,21,"Sodwana Bay, KwaZulu-Natal, South Africa",-28.415,32.7267,,,,true
3169,21,"SokhoBio 2015, AGT St. 8–6, Bussol Strait, Sea of Okhotsk, NW Pacific Ocean",46.6,151.613333,,,,true
3022,21,"Soldier Key, Florida",25.5901,-80.161,,,,true
4,1,"Solitary Islands, Australia",-30.08,153.3,Co-ordinates are approx. middle of Solitary Island chain.,2014-12-04 23:29:59 UTC,2014-12-04 23:29:59 UTC,true
143,1,Solomon Islands,-9.64571,160.156194,"min_depth=0, max_depth=0, start_year=1991, end_year=1991, methodology=DGGE",2014-12-04 23:29:59 UTC,2014-12-04 23:29:59 UTC,true
2614,21,"Solor Strait, Indonesia, Flores Sea",-8.428354,123.024648,,,,true
2481,21,"Somalia, Indian Ocean",9.633333,51.03333,,,,true
2755,21,"Sonora, Bahia de Choya, Chile",31.35528,-113.6239,,,,true
2269,21,South Africa,-34.5145,19.7869,,,,true
2913,21,"South Atlantic Ocean, Falkland plateau",-54.73333,-55.65,,,,true
483,1,"South Beach intertidal, Lizard Island",-14.68235,145.450267,Cath Lovelock site,2015-08-25 05:38:22 UTC,2015-08-25 05:38:22 UTC,true
2417,21,"South Button island, Andaman island, Indian Ocean",12.2233,92.02222,,,,true
2392,21,"South Carenaro Island, Panama",9.3434,-82.7097,,,,true
2329,21,"Southeast bank areas, Gulf of Mexico",30.0014,-87.9508,,,,true
2834,21,Southeastern Pacific Basin ,-54.81667,-129.8,,,,true
2865,21,South East New Caledonia,-22.81667,167.2,,,,true
3293,21,"Southeast of Galveston, Texas",27.533333,-93.026667,,,,true
3297,21,Southeast of Jamaica,17.734722,-75.65,,,,true
356,1,Southern Belize,16.412375,-88.231201,"No good location description, so lat and long just estimates.",2014-12-04 23:29:59 UTC,2014-12-04 23:29:59 UTC,true
2333,21,Southern California coast,33.1702,-117.5565,,,,true
3205,21,"Southern Cap de Creus, Costa Brava, NW Mediterranean",42.229167,3.216944,,,,true
2406,21,Southern Colombian Caribbean,3.247652,-77.629123,,,,true
2736,21,"South Georgia Islands, Argentina",-53.58333,-38.11667,,,,true
2501,21,"South Georgia, Scotia Sea, South Atlantic Ocean",-54.63011,-36.227412,,,,true
2367,21,"South Haulover Bay, St. John, US Virgin Islands",18.3485,-54.6755,,,,true
367,1,"South Island, Lizard Island",-14.703569,145.459501,Exposed reef crest.,2014-12-04 23:29:59 UTC,2014-12-04 23:29:59 UTC,true
574,1,South Molle			,-20.276667,148.826667,"Reef fringing South Molle Island, Whitsunday group, Central GBR",2017-03-06 09:00:00 UTC,2017-03-06 09:00:00 UTC,true
2779,21,"South of Georges Bank, Atlantic Ocean",40.57167,-66.15,,,,true
3122,21,"south of Kauai, Hawaiian Islands",21.83889,-159.5278,,,,true
2870,21,"South of Molokai, Hawaiian islands",21.104837,-157.087754,,,,true
2633,21,"South of Raso, Cape Verd islands",16.58333,-24.6,,,,true
2849,21,"south of San Cristóbal, Galápagos",-1.05,-89.46667,,,,true
2361,21,South Pacific area,-27.6589,-126.1,,,,true
443,1,"South Pari, Pari Island Complex, Java Sea",-5.8633,106.6175,"",2015-07-29 01:50:19 UTC,2015-07-29 01:50:19 UTC,true
65,1,"South Perry Reef, Exuma Cays",23.7752,-76.0895,"min_depth=12, max_depth=15, start_year=2003, end_year=2005, methodology=DGGE",2014-12-04 23:29:59 UTC,2014-12-04 23:29:59 UTC,true
3289,21,"South Shetland Islands, Scotia Sea",-62.590899,-59.920178,,,,true
444,1,"South Tikus, Pari Island Complex, Java Sea",-5.8648,106.5837,"",2015-07-29 01:51:13 UTC,2015-07-29 01:51:13 UTC,true
394,1,"Southwestern corner, Isla Contadora, Panama",8.622043,-79.036857,"",2014-12-04 23:29:59 UTC,2014-12-04 23:29:59 UTC,true
2783,21,"Southwest of St. Lucia, Lesser Antilles",13.56667,-61.06667,,,,true
2360,21,Southwest of the Grand Banks (Canada),43.8545,-57.394,,,,true
52,1,South Yucatan,16.480001,-88.045999,"min_depth=2, max_depth=2, start_year=0, end_year=0, methodology=DGGE",2014-12-04 23:29:59 UTC,2014-12-04 23:29:59 UTC,true
401,1,"Spencer Gulf and Gulf St Vincent, South Australia",-34.886,137.613,"",2015-05-08 06:13:03 UTC,2015-05-08 06:13:03 UTC,true
462,1,"Spermonde Archipelago, Sulawesi",-4.71,118.9806,"",2015-08-03 03:56:21 UTC,2015-08-03 03:56:51 UTC,true
2081,21,"Spilia, Chalkidiki, Greece",39.9387,23.9552,,,,true
2890,21,"Sri Lanka, Indian Ocean",6.443212,81.173311,,,,true
2774,21,"SS Central America wreck, off Charleston, USA",31.58333,-77.16667,,,,true
2813,21,"S.S Pieter Faure, head of Tugela river, Natal, South Africa",-29.25,31.5,,,,true
2429,21,"Stalemate Bank, Aleutian Islands, Alaska",52.9369,-170.9834,,,,true
2647,21,"Star Walls, Cape Peninsula, South Africa",-34.0412,18.30138,,,,true
133,1,State College,40.793395,-77.860001,"min_depth=0, max_depth=0, start_year=2001, end_year=2001, methodology=DGGE",2014-12-04 23:29:59 UTC,2014-12-04 23:29:59 UTC,true
2837,21,"station 1521 (USAP expedition), Scotia Sea, South Atlantic Ocean",-54.13306,-52.20806,,,,true
2949,21,"Station 301, in the Messier Channel, Patagonia, Chile",-47.81585908,-74.76655976,,,,true
2782,21,"Station 36n, Josephine Bank, Atlantic Ocean",36.76667,-14.11667,,,,true
3101,21,"station FX-Dive 172, Kocebu Guyot, Magellan Seamount, Pacific Ocea",17.394,153.1012,,,,true
3031,21,"station FX-Dive 173, Kocebu Guyot, Pacific Ocean",17.47817,153.1658,,,,true
3030,21,"station FX-Dive 174, Kocebu Guyot, Pacific Ocean",17.49883,153.2448,,,,true
3100,21,"station FX-Dive 178, Kocebu Guyot, Magellan Seamount, Pacific Ocea",17.33633,152.6975,,,,true
3097,21,"station FX-Dive 211, Seamount M5, Caroline Ridge",10.0525,140.1762,,,,true
3159,21,"station FX-Dive 217, M6 Seamount, Pacific Ocean",10.11361,140.25,,,,true
3098,21,"station FX-Dive 218, Seamount M6, Caroline Ridge",10.1205,140.2403,,,,true
3096,21,"station FX-Dive 225, Seamount M8, Caroline Ridge",10.61217,140.0645,,,,true
2299,21,"Station M, NE Atlantic Ocean",57.3,10.1833,,,,true
70,1,St. Croix,17.785806,-64.755668,"min_depth=0, max_depth=0, start_year=0, end_year=0, methodology=DGGE",2014-12-04 23:29:59 UTC,2014-12-04 23:29:59 UTC,true
2693,21,"St. Croix, Caribbean Sea",17.74133592,-64.83496105,,,,true
2427,21,"Steep island cave, Hong Kong",22.275959,114.313674,,,,true
2259,21,"St. Giorgio East, Portofino, Italy",44.3972,9.2181,,,,true
2258,21,"St. Giorgio, Portofino, Italy",44.3103,9.3853,,,,true
2304,21,"St. Lucia Marine Reserve, KwaZuluNatal, South Africa",-27.415,32.7267,,,,true
2934,21,stn. 338 Antarctic peninsula (cruise ANT XV/3),-61.565,-58.18333,,,,true
2969,21,"stn PS65-166-01, Austasen, Antarctica",-70.94717,-10.5435,,,,true
2629,21,"Strait of Hormuz, Oman",26.37336,56.535694,,,,true
2494,21,"Strait of Magellan, Pacific Ocean",-53.341539,-70.709071,,,,true
3082,21,"Straits of Florida, off northwest corner of Little Bahamas Bank ",27.28333,-79.56667,,,,true
2190,21,"St. Teresa, Florida",29.9252,-84.4498,,,,true
2687,21,"St. Vincent island, Caribbean Sea",13.22765193,-61.18361887,,,,true
2979,21,Subantarctic seamount on the Heezen Frac- ture Zone of the Eltanin Fracture Zone System ,-54.81667,-129.8,,,,true
30,1,"Suez Pond, Fanning Island",3.872054,-159.328893,Depth is midpoint of given range (2-5m).,2014-12-04 23:29:59 UTC,2014-12-04 23:29:59 UTC,true
2726,21,"Sunday Cove, Fiordland, New Zealand",-45.5952,166.7422,,,,true
2579,21,"Sungi Barkai, Aru Islands, Indonesia",-6.678126,134.699757,,,,true
3123,21,"Supply Reef, Northern Mariana Islands",20.15,145.11,,,,true
2824,21,Surinam,7.416667,-54.58333,,,,true
2677,21,"Swain Reefs, Queensland, Great Barrier Reef",-21.96712535,152.4716886,,,,true
2398,21,"Sweetings Cay, Bahamas",26.56667,-77.8,,,,true
3283,21,"SW of Great Nicobar, Indian Ocean",6.819053,93.804557,,,,true
2512,21,"SW of Palma, Canary islands",28.63333,-17.98333,,,,true
3079,21,"SW of Port Elizabeth, South Africa ",-35.175,23.03333,,,,true
3211,21,"SW of Sardinia, Mediterranean Sea",39.129216,8.506002,,,,true
2841,21,"Taba, Gulf of Eilat, Red Sea",29.488266,34.89894,,,,true
2765,21,"Taboga island, Panama",8.789149107,-79.55424441,,,,true
388,1,"Tague Bay Back-Reef, St. Croix",17.762394,-64.606155,"",2014-12-04 23:29:59 UTC,2014-12-04 23:29:59 UTC,true
387,1,"Tague Bay Fore-Reef, St. Croix",17.76481,-64.613812,"",2014-12-04 23:29:59 UTC,2014-12-04 23:29:59 UTC,true
353,1,"Tague Bay, St. Croix",17.758046,-64.605875,"",2014-12-04 23:29:59 UTC,2014-12-04 23:29:59 UTC,true
3036,21,"Tagus Cove, Albemarle, Galapagos",-0.261785425,-91.37113701,,,,true
421,1,"Tahiti, French Polynesia",-17.772,-149.33,"",2015-06-11 03:50:43 UTC,2015-06-11 03:51:27 UTC,true
511,1,Taiwan,23.973981,120.979818,"This is for the oocyte size of resource #73, Dai et al 1992, in which coral specimens collected from south Taiwan (#500) and north Taiwan (#501) were mixed. ",2015-11-03 00:30:23 UTC,2015-11-03 00:33:16 UTC,true
2438,21,"Talili Bay, Papua New Guinea",-4.207003,152.119867,,,,true
562,1,"Tamandaré, Pernambuco, Brazil",-8.761281,-35.091772,"",2016-02-08 09:33:05 UTC,2016-02-08 09:33:05 UTC,true
3226,21,"Tamariu Canyons, Costa Brava, NW Mediterranean",41.895762,3.248128,,,,true
2655,21,"Tanaga Pass west of Tanaga Island, Andreanof Islands, Aleutian Islands, Bering Sea",53.294,-178.32,,,,true
2442,21,"Tanguingui Light, North Cebu, Philippines",11.4125,124.1,,,,true
2510,21,"Tanjung Jangka, Bali, Indonesia",-8.662778,115.4683,,,,true
446,1,"Tanjung Setan, Ambon, Banda Sea",-3.5097,128.2247,"",2015-07-29 14:15:33 UTC,2015-07-29 14:15:33 UTC,true
344,1,"Tantzei Bay, Taiwan",21.946708,120.774035,"",2014-12-04 23:29:59 UTC,2014-12-04 23:29:59 UTC,true
2485,21,"Tanzania, Indian Ocean",-7.087754,39.53506,,,,true
2253,21,"Targa Gonzatti, Portofino, Italy",44.44,9.3836,,,,true
3236,21,"Tarragona, NW Mediterranean Sea",41.112092,1.249226,,,,true
617,1,"Tarut_Bay_1, Saudi Arabia",26.616667,50.133333,"",2017-07-23 12:28:25 UTC,2017-07-23 12:28:25 UTC,true
2323,21,"Tasco Gran, Medes islands, Spain",43.0417,3.225,,,,true
3313,21,"Tascons, Medes islands, Spain",42.0422,3.2263,,,,true
3184,21,"Tasman 
Fracture Zone, Outer Wall, Tasmanian
 Seamounts",-45.376,144.5754,,,,true
2741,21,"Tasman fracture Zone, SW Tasman Sea, Tasmania",-45.61667,145.0167,,,,true
2892,21,Tasmanian Seamounts Marine Reserve Hill Z40,-44.63667,147.4383,,,,true
2293,21,"Tatoosh Island, Washington, USA",48.4,-124.7333,,,,true
2403,21,"Tayrona, Colombia, Caribbean",11.256203,-73.558799,,,,true
3252,21,"Tektite, Great Lameshur bay, USA Virgin islands",18.308759,-64.719919,,,,true
2520,21,"Tempano Fjord, Chile",-48.71389,-74.18408,,,,true
2086,21,"Tenakee Inlet, Chatham Strait, Alaska",57.8036,-134.9458,,,,true
2432,21,"Ternate island, Indonesia",0.814256,127.34464,,,,true
2261,21,"Terumbu Pempang Tengah, Sigapore",1.2277,103.7315,,,,true
2553,21,"Terumbu Penpang Tengah reef,  Singapore",1.408811061,103.7389702,,,,true
541,1,The Mesoamerican reef,17.165716,-87.808883,"",2016-01-08 19:09:44 UTC,2016-01-08 19:09:44 UTC,true
3215,21,"The Ridge reef, Wakatobi NP, Indonesia",-5.449167,123.760556,,,,true
2893,21,"Thermaikos gulf, Greece",40.33611,22.89167,,,,true
512,1,The Townsville section of the GBR,-18.892303,146.609604,"This is used to for resource #106, Babcock at al. 2003, in which coral specimens were collected from Magnetic Island or Orpheus Island. ",2015-11-03 05:52:35 UTC,2015-11-03 05:52:35 UTC,true
3179,21,"Thu island, Vietnam",-23.44,151.91,,,,true
2449,21,"Thursday island, Torres Strait, Australia",-10.576665,142.222097,,,,true
2358,21,"Tiantupo reef, San Blas islands, Panama",9.5507,-78.8824,,,,true
500,1,"Tiao-Shi, Nanwan, Kenting, Taiwan",21.957822,120.766646,"",2015-09-11 05:13:33 UTC,2015-09-11 05:13:33 UTC,true
2317,21,"Tiboulen du Frioul, Marseille, France",43.2711,5.2842,,,,true
2052,21,"Tinetto rock, La Spezia, Italy",44.0178,9.8503,,,,true
205,1,"Tin Smelter, Phuket, Thailand",7.815416,98.40546,"",2014-12-04 23:29:59 UTC,2014-12-04 23:29:59 UTC,true
2214,21,"Titanic wreck, SE Newfoundland",41.7333,-49.95,,,,true
3117,21,"Titov Seamount, south of Baker Island, Phoenix Island Group",-0.39,176.2,,,,true
2533,21,"Toachel Mid Channel, Koror, Palau",7.339417,134.5177,,,,true
2528,21,"Toagel Mlungi Channel, Babeldaob, Koror, Palau",7.5425,134.4685,,,,true
469,1,"Tobacco Bay, Bermuda Island",32.3892,-64.6796,"",2015-08-03 05:51:44 UTC,2015-08-03 05:51:44 UTC,true
3164,21,"Tobago, Trinidad and Tobago",11.23604531,-60.69926376,,,,true
604,1,"Toboga_Island_1, Panama",8.787283,-79.556519,"",2017-07-23 11:24:35 UTC,2017-09-23 05:16:07 UTC,true
3085,21,"Tokyo Bay, Japan ",35.37526723,139.7572261,,,,true
2312,21,"Tomioka, Amakusa Island, Japan",32.5284,130.0268,,,,true
2436,21,"Tonga island, Fiji",-16.58684037,179.0139374,,,,true
3303,21,"Tongue of the Ocean, Great Bahama Bank",23.566667,-76.55,,,,true
2308,21,"Toquilineq, Greenland",60.075,-43.045,,,,true
2251,21,"Torreta, Portofino, Italy",44.5094,9.1822,,,,true
2418,21,"Tosa Bay, Japan",33.30702,133.485074,,,,true
2603,21,"Toshima islands, Izu islands, Japan",34.55184,139.2915,,,,true
633,1,"Townsville4_3, Pelorus Island",-18.563533,146.495783,"",2017-08-25 04:12:34 UTC,2017-08-25 04:12:34 UTC,true
2340,21,"Tracy Arm, Holkham Bay, Southeast Alaska",57.8102,-133.5999,,,,true
3187,21,"Trampa de Torgugas, San Andrés island, Seaflower biosphere reserve, SW Caribbean",12.540075,-81.719535,,,,true
2941,21,"Transkei coast, South Africa",-31.571535,29.598642,,,,true
2509,21,"Transkei, South Africa",-32.56167,28.82333,,,,true
485,1,"Trawler beach, Lizard Island",-14.674058,145.442622,Cath Lovelock site,2015-08-25 05:39:21 UTC,2015-08-25 05:39:21 UTC,true
2669,21,"Trepang Bay, Northern Australia",-10.87161574,131.982959,,,,true
2238,21,"Tres Fares, Cap de Creus, Spain",42.3393,3.3019,,,,true
385,1,"Triángulo Oeste, Gulf of Mexico",20.966667,-92.316667,"",2014-12-04 23:29:59 UTC,2014-12-04 23:29:59 UTC,true
559,1,"Trimodal, Lizard Island",-14.699251,145.447955,Reef crest between South and Palfrey Islands.,2016-01-18 06:53:42 UTC,2016-01-18 06:53:42 UTC,true
2793,21,Tristan da Cunha island,-37.10714201,-12.2826064,,,,true
557,1,"Trondheim, Norway",63.469351,10.125096,"Fjord site shown in Fig 2 of Mortensen and Rapp, 1998",2016-01-09 15:05:33 UTC,2016-01-09 15:05:33 UTC,true
2025,21,"Trondheimsfjorden, Norway",63.4953,10.2318,,,,true
342,1,"Trou aux Biches, Mauritius",-20.01271,57.54982,"",2014-12-04 23:29:59 UTC,2014-12-04 23:29:59 UTC,true
575,1,Trunk		,-18.379486,146.789105,"General location of Trunk Reef, Central GBR, GPS coords of specific dive site not known ",2017-03-06 09:01:17 UTC,2017-03-06 09:01:17 UTC,true
635,1,Trunk_Reef_1,-18.378819,146.842934,"",2017-08-25 04:25:01 UTC,2017-08-25 04:25:01 UTC,true
626,1,"Trunk_Reef_2, Trunk Reef",-18.449444,146.894444,"",2017-08-25 03:07:51 UTC,2017-08-25 03:08:09 UTC,true
398,1,"Tsushima, Japan",4.173367,129.242088,"",2015-05-05 01:38:08 UTC,2015-05-05 01:38:08 UTC,true
2588,21,"Tual, Kei islands, Indonesia",-5.590794,132.802156,,,,true
2503,21,"Tumbatu island, Zanzibar, Indian Ocean",-5.810914,39.226118,,,,true
424,1,Turiamo Bay,10.4608219,-67.8463593,"",2015-06-25 01:33:46 UTC,2015-06-25 01:33:46 UTC,true
374,1,"Turneffe Atoll, Belize",17.346993,-87.865391,"",2014-12-04 23:29:59 UTC,2014-12-04 23:29:59 UTC,true
2291,21,"Turn island, Washington",48.5333,-122.9667,,,,true
3146,21,"Turrumote, La Parguera, SW Puerto Rico",17.93495,-67.01883,,,,true
3034,21,"Turtle Bay, Baja California",27.63333,-114.9,,,,true
2409,21,"Twin banks, Papahanaumokuakea 
Marine National Monument, Hawaii",23.05008,163.1539,,,,true
502,1,"Two-mile Reef, Sodwana Bay, South Africa",-27.526308,32.68622,"",2015-09-18 04:56:19 UTC,2015-09-18 04:56:19 UTC,true
2146,21,Tyrrhenian Sea,41.82,11.0,,,,true
2530,21,"Uchelbeluu Reef, Koror, Palau",7.273667,134.5242,,,,true
3279,21,"Uchiura coast, Suruga bay, Central Japan, Pacific Ocean",35.022082,138.890926,,,,true
2916,21,"Udar, east of Udar Island, Kota Kinabalu, Sabah, Malaysia",6.080503,116.087,,,,true
3089,21,"Uji Island, Japan",34.31463431,133.4648382,,,,true
506,1,Upper Florida Keys,25.058167,-80.399557,"",2015-09-28 01:19:34 UTC,2015-09-28 01:19:34 UTC,true
3300,21,Upper Prickly Pear Island,18.505982,-64.367225,,,,true
239,1,"Uraba, Panama",8.778271,-79.5335,"",2014-12-04 23:29:59 UTC,2014-12-04 23:29:59 UTC,true
2276,21,"USA, Eastern Pacific",36.1444,-122.5021,,,,true
2679,21,"Ushibuka, Kumamoto, Japan",32.1552,130.0444,,,,true
2795,21,"USNM 1078188, Manning Seamount, North Atlantic Ocean ",38.14567,-61.09122,,,,true
226,1,US Virgin Islands,18.404696,-64.905616,"",2014-12-04 23:29:59 UTC,2014-12-04 23:29:59 UTC,true
27,1,"Uva Island, Panama",7.81446,-81.759035,"",2014-12-04 23:29:59 UTC,2014-12-04 23:29:59 UTC,true
578,1,"Vaan_1, Vaan Island",8.833333,78.216667,"",2017-07-23 05:10:34 UTC,2017-07-23 05:10:34 UTC,true
3238,21,"Valencia, W Mediterranean Sea",39.456493,-0.33474,,,,true
2412,21,"Van Phong Bay, Cua Be Strait, Vietnam, South China Sea",12.56667,109.4167,,,,true
2410,21,"Van Phong Bay, Den Island, Vietnam, South China Sea",12.6,109.3167,,,,true
2413,21,"Van Phong Bay, Lon island, Vietnam, South China Sea",12.61667,109.3,,,,true
2414,21,"Van Phong Bay, Tai Island, Vietnam, South China Sea",12.55,109.4,,,,true
554,1,Vanuatu,-15.338827,166.964158,"",2016-01-08 22:16:16 UTC,2016-01-08 22:16:16 UTC,true
2911,21,Vecinity of South Georgia,-54.235,-37.90333,,,,true
428,1,Veracruz Reef System,19.1786047,-96.1032024,"",2015-06-25 06:12:09 UTC,2015-06-25 06:12:09 UTC,true
2866,21,"Verde Island Passage, Philippine islands",13.57694,120.125,,,,true
2262,21,"Villefranche sur-Mer, France",43.681,7.3381,,,,true
2636,21,"Wadi Magrash, Gulf of Aqaba, Red Sea",28.746001,34.748466,,,,true
2895,21,"Waglan, Hong Kong",22.18389,114.3053,,,,true
435,1,"Waikiki Aquarium, Honolulu, Hawaii",21.266868,-157.821564,Experiments conducted in the Aquarium.,2015-07-26 23:11:56 UTC,2015-07-26 23:11:56 UTC,true
449,1,"Wailiha, Ambon, Banda Sea",-3.6419,128.2725,"",2015-07-29 20:35:35 UTC,2015-07-29 20:35:35 UTC,true
134,1,Waining Reef,-14.419391,145.27582,"min_depth=1, max_depth=3, start_year=2008, end_year=2008, methodology=DGGE",2014-12-04 23:29:59 UTC,2014-12-04 23:29:59 UTC,true
552,1,Wakatobi Marine National Park,-5.563259,123.92999,"",2016-01-08 20:54:18 UTC,2016-01-08 20:54:18 UTC,true
2564,21,"Wanann, Penghu, Taiwan",23.34855,119.5126,,,,true
3080,21,"Wandel island, Antarctic",-65.0795833,-64.00030034,,,,true
2362,21,"Washington coast, Eastern Pacific",47.2063,-124.4436,,,,true
2598,21,"Watari-se bank, off Izu islands, Japan",34.0477,138.9135,,,,true
448,1,"Wayame, Ambon, Banda Sea",-3.6707,128.1525,"",2015-07-29 20:30:49 UTC,2015-07-29 20:30:49 UTC,true
2092,21,Weddell Sea ,-62.7178,-55.4792,,,,true
2138,21,Weddell Sea 2,-74.6,-29.7,,,,true
3149,21,"Weinberg, La Parguera, SW Puerto Rico",17.89048,-66.98867,,,,true
2573,21,"West of Bremer island, Gulf of Carpentaria, Australia",-12.09433,136.7959,,,,true
2772,21,"west of Cape Meares, Oregon, USA",45.42167,-125.1836,,,,true
2968,21,"West of South Georgia, Antarctica",-53.39667,-42.7005,,,,true
2475,21,"West of South Thailand, Andaman Sea",7.566667,98.0,,,,true
2821,21,West Sumatra,-0.97,90.72,,,,true
2937,21,West tip of South Georgia,-54.483,-39.367,,,,true
2527,21,"West Woody island, Gulf of Carpentaria, NT, Australia",-12.185,136.6715,,,,true
523,1,"Wheeler Reef, GBR",-18.797743,147.527611,"",2015-12-17 01:11:46 UTC,2015-12-17 01:11:46 UTC,true
2574,21,"White Island, NW Australia",-14.9741,124.3974,,,,true
2341,21,"White thunder ridge, Glacier Bay National Park and Preserve (GBNPP), Alaska",59.0379,-136.1842,,,,true
628,1,"Wilkie, Princess Charlotte Bay",-13.925111,143.641833,"",2017-08-25 03:25:13 UTC,2017-08-25 03:25:13 UTC,true
2807,21,Windward passage between Cuba and Haiti,20.15,-73.48333,,,,true
404,1,Wingate Reef,19.633,37.3,"Sudan, Red Sea",2015-05-27 06:01:12 UTC,2015-05-27 06:01:12 UTC,true
3054,21,"Winter Quarters (WQ). No. 12 hole, 100 yards south of Hut Point, McMurdo Sound, Antarctica",-77.9,166.68,,,,true
358,1,Wistari Reef,-23.455648,151.883326,"",2014-12-04 23:29:59 UTC,2014-12-04 23:29:59 UTC,true
393,1,"Xahuayxol, Gulf of Mexico",18.648251,-87.717677,"",2014-12-04 23:29:59 UTC,2014-12-04 23:29:59 UTC,true
230,1,"Xcalak, Mexico",18.282093,-87.837753,"",2014-12-04 23:29:59 UTC,2014-12-04 23:29:59 UTC,true
2279,21,"Xcaret, Mexico",20.5789,-87.1181,,,,true
341,1,"Xiaodonghai, Hainan Island",19.239846,110.485382,"",2014-12-04 23:29:59 UTC,2014-12-04 23:29:59 UTC,true
2170,21,"Xiashuijui, Taiwan",22.0367,120.6912,,,,true
3061,21,Y3 seamount at the station FX-Dive 16,8.863333,137.743,,,,true
271,1,"Yam Yen, Phuket, Thailand ",7.805674,98.404194,"",2014-12-04 23:29:59 UTC,2014-12-04 23:29:59 UTC,true
518,1,Yanbu,23.954143,38.202395,"Yanbu, Saudi Arabia",2015-11-04 05:13:51 UTC,2015-11-04 05:13:51 UTC,true
3070,21,"Yap-3 seamount, Tropical Western Pacific",8.856,137.7793,,,,true
545,1,Yapp Island,9.546155,138.136151,"",2016-01-08 19:44:48 UTC,2016-01-08 19:44:48 UTC,true
3251,21,"Yawzi Point, Great Lameshur bay, USA Virgin islands",18.315695,-64.725642,,,,true
2547,21,"Yenkit, Oman, Arabian Sea",23.52748,58.73981,,,,true
501,1,"Yenliao Bay, Taiwan",25.060262,121.931687,"",2015-09-11 05:43:38 UTC,2015-09-11 05:43:38 UTC,true
2281,21,"YO-257 artificial reef, Hawaii",21.2607,-157.8375,,,,true
2604,21,"Yokoate-jima, Tokara Islands, Japan",28.915,124.0682,,,,true
135,1,Yonge Reef,-14.369599,145.389111,"min_depth=25, max_depth=29, start_year=2008, end_year=2008, methodology=DGGE",2014-12-04 23:29:59 UTC,2014-12-04 23:29:59 UTC,true
2554,21,"Yupin, Penghu, Taiwan",23.2756,119.5026,,,,true
88,1,Zamami Island,26.23345278,127.3092069,"min_depth=1, max_depth=10, start_year=2002, end_year=2002, methodology=DGGE",2014-12-04 23:29:59 UTC,2014-12-04 23:29:59 UTC,true
105,1,Zanzibar,-6.09446701,39.07226501,"min_depth=2, max_depth=6, start_year=2007, end_year=2007, methodology=DGGE",2014-12-04 23:29:59 UTC,2014-12-04 23:29:59 UTC,true
2899,21,"Zorritos, Perú",-3.681788498,-80.67816527,,,,true
2332,21,"Zuma beach, Santa Barbara, California",34.0211,-118.8344,,,,true
2594,21," Cape Chinen, Okinawa islands",26.1689583,127.8303769,,,,true
2901,21," Mazatlán, Mexico",23.24829951,-106.4126682,,,,true
2195,21," NW Atlantic, Trawl survey 1",56.4,-57.817,,,,true
2204,21," NW Atlantic, Trawl survey 10",43.09,-51.368,,,,true
2205,21," NW Atlantic, Trawl survey 11",45.53,-56.664,,,,true
2206,21," NW Atlantic, Trawl survey 12",43.43,-51.914,,,,true
2207,21," NW Atlantic, Trawl survey 13",43.6,-52.22,,,,true
2208,21," NW Atlantic, Trawl survey 14",43.33,-51.779,,,,true
2209,21," NW Atlantic, Trawl survey 15",43.31,-51.728,,,,true
2210,21," NW Atlantic, Trawl survey 16",47.39,-46.383,,,,true
2196,21," NW Atlantic, Trawl survey 2",42.95,-49.595,,,,true
2197,21," NW Atlantic, Trawl survey 3",43.98,-52.967,,,,true
2198,21," NW Atlantic, Trawl survey 4",44.22,-53.0,,,,true
2199,21," NW Atlantic, Trawl survey 5",44.07,-52.917,,,,true
2200,21," NW Atlantic, Trawl survey 6",42.97,-49.582,,,,true
2201,21," NW Atlantic, Trawl survey 7",43.92,-52.615,,,,true
2202,21," NW Atlantic, Trawl survey 8",44.1,-52.918,,,,true
2203,21," NW Atlantic, Trawl survey 9",43.7,-52.333,,,,true
3112,21," RRS James Cook, sta. 4, ev. 9, Coral seamount",-41.35558,42.91901,,,,true
3102,21," station FX-Dive 57, Seamount M2, near Mariana Trench",11.30567,139.3572,,,,true
3095,21," station FX-Dive 69, Seamount M2, near Mariana Trench",11.28717,139.4027,,,,true
